subreddit,post_count,earliest_post,latest_post,total_comments_count,avg_score
r/SaaS,1380,2021-06-17 21:17:27+08,2025-11-13 13:05:20+08,48606,84.9253623188405797
r/newworldgame,1319,2021-07-23 06:42:14+08,2025-11-13 02:54:25+08,158383,779.0553449583017437
r/RepTronics,1316,2017-06-13 09:24:25+08,2025-11-12 17:31:21+08,30276,45.8617021276595745
r/AmazonWFShoppers,1302,2020-05-01 01:30:17+08,2025-05-18 12:00:35+08,18244,27.3509984639016897
r/conspiracy,1281,2015-05-04 22:40:14+08,2025-11-13 11:48:52+08,295497,3690.4613583138173302
r/investing,1266,2016-07-15 21:43:48+08,2025-11-13 10:51:38+08,211962,788.8183254344391785
r/EtsySellers,1265,2020-05-29 05:48:19+08,2025-11-13 11:20:46+08,37028,107.1106719367588933
r/FacebookAds,1257,2021-02-22 10:54:55+08,2025-11-13 02:44:11+08,27800,27.7804295942720764
r/brasil,1255,2016-11-29 19:10:24+08,2025-11-13 10:36:44+08,122059,1323.9434262948207171
r/Aliexpress,1255,2019-02-26 01:18:02+08,2025-11-13 04:27:30+08,34059,167.8414342629482072
r/ebikes,1255,2019-05-08 07:01:18+08,2025-11-13 02:52:00+08,65722,166.6478087649402390
r/AmazonFlexDrivers,1254,2018-10-28 08:36:41+08,2025-11-13 05:03:21+08,91902,229.6539074960127592
r/bigseo,1252,2013-05-14 19:43:01+08,2025-11-13 01:52:34+08,20473,14.7635782747603834
r/dropshipping,1251,2021-01-07 03:53:24+08,2025-11-13 12:22:24+08,32069,45.9120703437250200
r/Entrepreneur,1250,2013-08-22 23:27:28+08,2025-11-13 00:24:41+08,110022,417.6760000000000000
r/LabubuDrops,1250,2025-05-12 23:45:00+08,2025-11-13 11:45:18+08,30185,122.2280000000000000
r/amazonecho,1249,2016-04-18 05:45:55+08,2025-11-13 06:29:11+08,25474,78.4691753402722178
r/kindle,1249,2020-07-01 22:25:46+08,2025-11-13 04:48:26+08,51901,360.3146517213771017
r/LaptopDeals,1248,2018-10-29 05:00:08+08,2025-11-12 17:04:28+08,31334,26.5480769230769231
r/ecommerce,1248,2016-03-28 03:32:43+08,2025-11-13 10:48:50+08,33030,33.2011217948717949
r/Legomarket,1248,2019-03-24 07:12:07+08,2025-11-13 09:47:29+08,10140,11.5809294871794872
r/BoardGameExchange,1247,2016-05-01 07:37:57+08,2025-11-13 03:34:13+08,7640,7.5934242181234964
r/Sparkdriver,1245,2022-07-14 04:39:04+08,2025-11-13 05:51:40+08,69676,59.1156626506024096
r/FashionReps,1245,2017-11-01 05:35:19+08,2025-11-13 05:40:20+08,87144,717.8224899598393574
r/VideoGameDealsCanada,1244,2018-07-06 00:12:44+08,2025-11-13 03:04:09+08,25953,40.9308681672025723
r/Flipping,1243,2016-01-12 22:00:37+08,2025-11-13 02:19:27+08,60148,266.3298471440064360
r/FulfillmentByAmazon,1243,2014-10-23 13:15:10+08,2025-11-13 11:53:45+08,23629,27.2630732099758648
r/PPC,1243,2017-12-02 03:07:13+08,2025-11-13 11:27:00+08,24178,24.4255832662912309
r/dropship,1243,2017-06-22 01:43:37+08,2025-11-13 02:41:14+08,30636,41.0707964601769912
r/sticker,1243,2016-08-23 02:36:08+08,2025-11-13 09:39:34+08,27155,178.7192276749798874
r/amazonprime,1240,2020-10-20 15:19:18+08,2025-11-13 04:23:39+08,95049,396.3395161290322581
r/FASCAmazon,1240,2019-07-07 01:21:57+08,2025-11-13 05:16:19+08,30021,72.3854838709677419
r/peopleofwalmart,1239,2019-03-25 08:45:01+08,2025-11-12 03:54:33+08,99839,1676.1702986279257466
r/AliExpressBR,1236,2024-05-08 09:46:03+08,2025-11-13 07:35:57+08,40034,80.7944983818770227
r/Etsy,1234,2018-07-31 21:55:55+08,2025-11-13 03:53:11+08,33694,111.9837925445705024
r/wedding,1233,2018-01-09 06:30:20+08,2025-11-13 10:13:49+08,128259,535.7915652879156529
r/gamersupps,1232,2022-02-08 12:54:46+08,2025-11-13 12:29:04+08,20119,79.0738636363636364
r/stickerstore,1225,2019-02-11 01:55:16+08,2025-11-12 11:38:08+08,1991,14.1175510204081633
r/digital_marketing,1222,2017-01-26 10:33:31+08,2025-11-12 23:30:42+08,19868,21.4206219312602291
r/amazon,1218,2015-07-15 16:10:56+08,2025-11-13 04:00:04+08,25166,57.1141215106732348
r/AmazonMerch,1218,2017-07-08 00:48:48+08,2025-11-13 09:21:22+08,16534,9.4392446633825944
r/Netsuite,1213,2016-07-28 23:13:24+08,2025-11-13 10:57:36+08,13040,8.0741962077493817
r/Amazon_Influencer,1209,2022-12-20 02:41:46+08,2025-11-13 02:07:09+08,13689,5.8461538461538462
r/logistics,1208,2016-05-18 00:20:07+08,2025-11-13 11:18:44+08,15593,14.9105960264900662
r/AmazonSeller,1202,2016-01-13 08:19:40+08,2025-11-12 22:28:27+08,13591,6.7687188019966722
r/TikTokshop,1200,2023-08-03 14:48:19+08,2025-11-13 01:41:31+08,13723,3.8758333333333333
r/BestAliExpressFinds,1196,2015-08-18 03:23:49+08,2025-11-11 23:12:43+08,1807,13.2441471571906355
r/TechSEO,1195,2018-01-19 03:57:14+08,2025-11-13 02:19:55+08,13007,8.0242677824267782
r/JewelryReps,1191,2019-10-20 23:46:01+08,2025-11-13 10:40:17+08,28206,34.9345088161209068
r/Printify,1190,2020-01-01 15:21:55+08,2025-11-13 05:45:34+08,8508,4.2563025210084034
r/stickers,1189,2019-08-04 22:22:34+08,2025-11-13 08:27:35+08,10129,67.7914213624894870
r/AmazonFBA,1188,2016-09-06 12:51:55+08,2025-11-12 22:52:28+08,18323,13.8350168350168350
r/AmazonFBAOnlineRetail,1185,2018-04-08 14:03:22+08,2025-11-12 16:08:23+08,6360,4.0447257383966245
r/News_Walmart,1184,2020-11-02 19:06:20+08,2022-11-28 16:24:23+08,411,1.1224662162162162
r/smallbusinessuk,1183,2020-02-23 21:59:32+08,2025-11-13 11:05:03+08,28641,21.4809805579036348
r/printondemand,1165,2020-04-07 23:16:23+08,2025-11-13 02:10:53+08,11620,8.3081545064377682
r/fashionph,1164,2023-04-14 15:01:30+08,2025-11-13 00:40:53+08,27354,185.2448453608247423
r/walmart_RX,1163,2019-08-17 04:02:35+08,2025-11-13 03:52:04+08,15638,12.0318142734307825
r/amazonemployees,1158,2021-06-28 03:33:12+08,2025-11-13 05:12:36+08,33300,69.6243523316062176
r/Alibaba,1153,2020-12-19 05:09:27+08,2025-11-13 08:54:41+08,13620,4.9219427580225499
r/PHitness,1151,2020-12-16 09:52:24+08,2025-11-13 00:53:45+08,31214,95.9139878366637706
r/WalmartSellers,1132,2018-06-07 04:13:56+08,2025-11-12 23:36:32+08,12191,4.0671378091872792
r/WalmartCanada,1126,2019-05-23 08:00:18+08,2025-11-13 06:59:07+08,13058,10.8268206039076377
r/ecommercemarketing,1113,2019-06-26 21:15:36+08,2025-11-12 18:06:28+08,4045,3.3171608265947889
r/Dropshipping_Guide,1112,2020-05-06 04:55:35+08,2025-11-12 23:01:22+08,7975,5.6232014388489209
r/AmazonFBATips,1112,2019-02-19 17:58:04+08,2025-11-12 22:45:50+08,9888,5.3237410071942446
r/SpellcasterReviews,1101,2023-01-09 19:36:51+08,2025-11-13 08:25:49+08,17327,8.0890099909173479
r/AmazonWTF,1093,2015-04-12 02:52:43+08,2025-11-13 03:33:03+08,15317,164.4354986276303751
r/ShopifyeCommerce,1088,2017-02-14 03:45:27+08,2025-11-13 05:54:51+08,7451,4.2095588235294118
r/shopifyDev,1074,2020-05-01 03:01:37+08,2025-11-13 00:55:44+08,6173,3.9022346368715084
r/MerchByAmazon,1072,2017-08-20 04:04:18+08,2025-11-13 06:19:50+08,6877,3.5429104477611940
r/DropshippingTips,1058,2019-10-03 16:11:05+08,2025-11-13 07:55:24+08,2862,2.0189035916824197
r/amazonfresh,1058,2020-01-13 09:18:47+08,2025-11-13 01:14:33+08,9139,5.8969754253308129
r/vine,1008,2023-05-26 00:22:56+08,2025-11-12 23:18:09+08,17165,9.8908730158730159
r/AntiAmazon,1005,2020-07-16 00:03:59+08,2025-09-13 05:17:54+08,3006,60.8398009950248756
r/AmazonAnswers,1004,2018-10-23 09:14:14+08,2025-11-12 01:30:36+08,5109,160.2410358565737052
r/fuckamazon,1004,2020-07-24 10:24:33+08,2025-11-13 01:42:19+08,7264,68.5159362549800797
r/ShopifyAppDev,1004,2017-12-18 05:11:11+08,2025-11-13 06:51:17+08,3583,3.2340637450199203
r/RandomActsofEtsy,975,2023-10-07 05:35:04+08,2025-11-13 02:56:15+08,8207,6.3548717948717949
r/EtsyAdvertise,966,2021-03-05 11:19:58+08,2023-09-19 01:20:59+08,649,2.4109730848861284
r/SmallBusinessUAE,917,2024-12-23 11:05:53+08,2025-11-13 05:16:57+08,6756,4.6673936750272628
r/ShopifySEO,880,2019-03-27 12:29:21+08,2025-11-12 21:45:57+08,3488,2.6034090909090909
r/TikTokShopSellersClub,814,2023-10-25 13:14:36+08,2025-11-13 08:38:29+08,2364,1.6388206388206388
r/AmazonUnder5,737,2013-04-05 05:31:59+08,2025-10-18 02:00:38+08,1747,15.4572591587516961
r/walmartpeople,726,2013-03-25 10:05:51+08,2023-02-26 13:36:27+08,5984,63.4972451790633609
r/LazadaGamers,718,2024-10-31 17:55:25+08,2025-11-13 00:05:58+08,11041,1.2674094707520891
r/amazonsellers,710,2016-10-05 16:54:33+08,2024-04-23 22:56:16+08,1708,2.1070422535211268
r/Shopify,702,2018-11-17 00:44:29+08,2025-11-13 11:25:19+08,8613,10.6809116809116809
r/EcommerceLife,688,2024-06-29 00:01:33+08,2024-07-10 17:03:38+08,12,1.0159883720930233
r/eCommerceSEO,680,2016-08-18 19:25:48+08,2025-11-12 18:14:41+08,989,1.9764705882352941
r/AmazonArgentina,656,2019-07-17 21:03:47+08,2025-11-13 03:06:14+08,9380,9.2545731707317073
r/AmazonPrimeDeals,656,2013-02-26 01:52:46+08,2025-11-12 07:59:35+08,147,1.5990853658536585
r/SellingOnAmazonFBA,646,2021-09-15 19:43:55+08,2025-11-08 23:02:31+08,566,1.9241486068111455
r/ecommerces,644,2015-07-08 23:24:00+08,2025-11-12 12:19:22+08,187,1.2639751552795031
r/EtsyTrafficJamTeam,636,2025-08-13 06:52:10+08,2025-10-23 01:03:07+08,2219,1.8128930817610063
r/Amazonsellercentral,610,2018-08-21 01:47:32+08,2025-11-13 01:18:01+08,1258,1.6032786885245902
r/Lazada,606,2017-03-01 01:20:54+08,2022-01-03 12:00:22+08,912,1.5033003300330033
r/shopify,533,2018-11-29 00:26:15+08,2025-11-13 12:16:20+08,20921,52.9305816135084428
r/FBAadvanced,516,2015-10-25 01:09:53+08,2024-08-26 21:43:07+08,709,1.7170542635658915
r/AmazonWarehouse,449,2020-07-04 16:59:18+08,2025-11-11 08:03:07+08,1351,2.2383073496659243
r/eCommerceFulfillment,376,2015-12-09 16:02:39+08,2020-08-30 14:10:31+08,16,1.0026595744680851
r/ItaliaStartups,372,2024-05-28 21:10:40+08,2025-11-13 01:26:33+08,3360,5.2741935483870968
r/affiliatePH,341,2025-05-04 22:13:56+08,2025-11-12 20:34:17+08,330,2.1876832844574780
r/BestBuyAliexpress,329,2023-02-07 02:35:14+08,2025-11-04 11:14:18+08,409,4.1185410334346505
r/DropshippingBiz,272,2020-02-19 23:35:22+08,2024-06-23 01:16:35+08,589,1.7941176470588235
r/AmazonFlex,260,2015-11-24 23:21:41+08,2020-04-20 19:31:54+08,1420,3.5538461538461538
r/etsylistings,243,2022-03-18 09:22:01+08,2023-05-03 22:05:42+08,62,1.3456790123456790
r/Shopify_Users,239,2021-06-02 19:40:49+08,2025-10-06 21:32:52+08,321,2.2887029288702929
r/EtsyHelp,235,2016-04-26 12:17:56+08,2025-11-05 08:07:53+08,402,1.4851063829787234
r/SEO_Marketing_Offers,232,2022-12-06 16:23:50+08,2025-11-12 23:19:02+08,1323,5.6982758620689655
r/ecommerceserviceusa,223,2024-11-24 01:32:46+08,2025-11-08 23:51:23+08,17,1.4349775784753363
r/LazadaDealsPH,218,2024-05-04 12:43:48+08,2025-10-09 19:53:36+08,96,2.0183486238532110
r/WalmartAssociates,217,2016-05-30 10:47:28+08,2025-11-07 05:12:37+08,598,2.5990783410138249
r/ShopifyDevelopment,216,2023-06-22 12:14:08+08,2025-11-08 10:55:34+08,211,1.3518518518518519
r/wtf_amazon,213,2015-06-28 02:16:11+08,2020-04-22 04:42:14+08,575,17.3802816901408451
r/tiktok_shop_sellers,209,2024-01-13 11:53:07+08,2025-11-07 22:53:20+08,745,1.6267942583732057
r/aliexpressreviews,209,2018-04-27 23:53:39+08,2025-11-06 07:56:07+08,281,6.1244019138755981
r/smallbusiness,206,2025-09-28 18:35:38+08,2025-11-12 15:45:33+08,13589,120.5970873786407767
r/EtsyStrike,204,2022-02-25 07:40:02+08,2024-11-12 07:00:11+08,1466,20.1519607843137255
r/startups,201,2025-09-28 18:43:39+08,2025-11-12 16:58:38+08,6607,38.7462686567164179
r/PrivateLabelSellers,196,2024-02-23 19:25:54+08,2025-11-11 08:33:31+08,1890,3.4591836734693878
r/FBAsourcing,195,2018-05-28 00:28:35+08,2025-11-10 12:36:03+08,312,2.5435897435897436
r/srscinemallc,190,2022-02-11 01:24:51+08,2025-11-11 03:10:47+08,193,2.0315789473684211
r/ShopifyWebsites,189,2020-07-22 00:54:08+08,2025-11-13 05:34:58+08,766,3.8888888888888889
r/AmazonFBAforNewbies,187,2023-01-25 15:59:38+08,2025-11-13 01:40:31+08,418,1.6417112299465241
r/AchadinhosDaShopeeBR,184,2024-11-28 05:02:53+08,2025-11-12 01:12:33+08,19,2.0108695652173913
r/DropshippingNinja,178,2018-09-30 09:27:36+08,2019-12-20 08:12:23+08,114,1.2921348314606742
r/SuppliersInUSA,176,2024-05-03 14:52:40+08,2025-11-12 20:39:36+08,290,1.6363636363636364
r/marketing,171,2025-09-28 16:38:44+08,2025-11-12 10:46:57+08,5350,36.7251461988304094
r/AngelnmitAliexpress,170,2024-09-26 14:11:58+08,2025-11-08 14:22:31+08,358,2.1941176470588235
r/lazadareviews,168,2019-03-27 13:11:47+08,2025-11-11 10:36:20+08,268,2.3452380952380952
r/gamingkickstarter,167,2012-04-09 21:56:21+08,2022-12-05 16:06:26+08,110,2.9580838323353293
r/gadgets,146,2025-09-28 13:15:16+08,2025-11-12 18:41:52+08,17677,863.0136986301369863
r/EcommercePartners,146,2016-04-23 08:08:19+08,2025-10-30 15:00:07+08,19,1.0753424657534247
r/CryptoCurrency,144,2025-09-29 20:48:10+08,2025-11-12 03:28:23+08,25066,2084.1180555555555556
r/wallstreetbets,144,2025-09-29 08:24:10+08,2025-11-12 06:13:43+08,83948,8763.6111111111111111
r/AmazonKDP,143,2015-03-07 09:12:32+08,2020-04-12 14:38:08+08,380,3.1398601398601399
r/pcmasterrace,142,2025-09-29 03:10:27+08,2025-11-12 16:33:21+08,105775,16057.169014084507
r/AI_In_ECommerce,141,2024-02-16 03:04:35+08,2025-11-12 14:56:23+08,241,2.1843971631205674
r/etsycirclejerk,129,2023-08-30 05:24:38+08,2025-10-20 08:33:45+08,3543,250.1705426356589147
r/AnywhereButAmazon,126,2020-08-25 11:42:10+08,2024-07-02 03:18:41+08,855,55.7380952380952381
r/crownpuffdeals,126,2024-09-30 05:18:12+08,2025-11-11 20:48:47+08,2950,27.2539682539682540
r/LazShop_PH,122,2025-08-13 09:40:16+08,2025-11-12 21:58:35+08,122,2.0655737704918033
r/TikTokShopSellers,118,2023-10-27 14:38:53+08,2025-11-12 21:41:36+08,193,1.4661016949152542
r/WalmartHealth,116,2020-07-06 06:08:26+08,2024-06-07 08:24:08+08,7,1.1465517241379310
r/EtsyUK,113,2020-05-28 22:27:39+08,2025-11-10 01:53:38+08,401,2.2035398230088496
r/DropshippingService,112,2022-05-26 06:55:14+08,2024-11-06 20:15:32+08,394,2.1517857142857143
r/Blogging,106,2025-09-29 04:12:02+08,2025-10-28 12:17:37+08,2259,12.9622641509433962
r/node,103,2025-09-28 23:17:54+08,2025-10-28 05:11:51+08,1977,28.5339805825242718
r/kickstarter,102,2025-10-28 14:15:55+08,2025-11-04 12:01:43+08,483,3.6274509803921569
r/sysadmin,100,2025-09-29 03:02:01+08,2025-10-28 08:46:54+08,26690,594.9900000000000000
r/Unity3D,100,2025-09-28 21:18:11+08,2025-10-28 00:17:38+08,4280,551.1200000000000000
r/VideoEditing,100,2025-09-28 14:13:19+08,2025-10-27 11:36:28+08,1148,38.1200000000000000
r/learnpython,100,2025-09-28 14:37:04+08,2025-10-27 04:20:11+08,3400,26.7100000000000000
r/stocks,100,2025-09-28 23:45:37+08,2025-10-26 22:27:53+08,29777,1332.2100000000000000
r/slavelabour,100,2025-09-28 14:50:24+08,2025-10-27 12:14:22+08,2153,11.4800000000000000
r/sidehustle,100,2025-09-28 15:10:58+08,2025-10-27 22:29:19+08,5653,64.2200000000000000
r/SEO,100,2025-09-28 21:21:15+08,2025-10-27 11:45:54+08,4586,27.1300000000000000
r/Python,100,2025-09-28 15:27:23+08,2025-10-27 23:17:33+08,4483,134.8100000000000000
r/aws,100,2025-09-29 12:42:27+08,2025-10-27 07:34:13+08,4593,120.8300000000000000
r/budgetfood,100,2025-09-29 03:43:15+08,2025-10-28 04:05:33+08,7608,168.1900000000000000
r/cscareerquestions,100,2025-09-28 20:45:40+08,2025-10-28 03:09:59+08,15597,428.4000000000000000
r/cycling,100,2025-09-28 17:53:51+08,2025-10-27 04:10:00+08,13912,218.3200000000000000
r/dataengineering,100,2025-09-28 14:36:37+08,2025-10-27 22:43:45+08,4121,161.0400000000000000
r/digitalnomad,100,2025-09-28 14:14:23+08,2025-10-27 19:52:28+08,7194,43.3300000000000000
r/django,100,2025-09-28 22:25:33+08,2025-10-28 01:53:36+08,1280,20.9300000000000000
r/Frugal,100,2025-09-28 18:38:18+08,2025-10-27 03:55:51+08,30185,1042.3000000000000000
r/selfpublish,100,2025-09-29 01:53:40+08,2025-10-28 04:38:56+08,6204,87.8400000000000000
r/reactjs,100,2025-09-28 23:47:28+08,2025-10-27 21:42:15+08,2779,43.2800000000000000
r/Bitcoin,100,2025-09-29 04:52:22+08,2025-10-27 15:35:38+08,17111,1699.1000000000000000
r/passive_income,100,2025-09-29 03:56:53+08,2025-10-27 07:30:57+08,7812,162.4000000000000000
r/forhire,100,2025-09-29 00:14:47+08,2025-10-27 18:23:20+08,1314,10.7100000000000000
r/gamedev,100,2025-09-28 13:17:14+08,2025-10-28 00:06:04+08,11400,267.2500000000000000
r/homelab,100,2025-09-28 14:46:55+08,2025-10-27 22:39:22+08,10886,1016.2100000000000000
r/jobs,100,2025-09-28 20:30:59+08,2025-10-27 17:51:30+08,23975,1169.8400000000000000
r/managers,100,2025-09-28 20:32:07+08,2025-10-27 13:19:16+08,12887,387.8800000000000000
r/impresa,97,2023-07-15 13:47:34+08,2025-11-07 22:26:20+08,869,5.4226804123711340
r/tiktokshopsaffiliates,96,2025-05-04 16:03:36+08,2025-11-10 03:05:32+08,605,4.3854166666666667
r/WalmartComplaints,96,2022-09-20 08:48:17+08,2025-11-04 04:26:17+08,210,2.0416666666666667
r/DropshippingST,95,2022-06-14 09:31:13+08,2025-07-23 19:22:41+08,178,4.2736842105263158
r/Dropshipsupplier,93,2014-05-08 15:36:51+08,2020-05-12 17:39:44+08,137,2.3225806451612903
r/ShopeeLazadaTiktokPH,92,2023-10-16 20:33:14+08,2024-07-05 17:50:48+08,5,1.0434782608695652
r/EtsyTeam,89,2015-08-01 08:15:41+08,2021-07-06 00:07:18+08,12,1.2247191011235955
r/walmartTales,87,2013-05-31 16:11:30+08,2020-03-04 04:35:32+08,366,11.4482758620689655
r/shopeeItems,82,2025-08-30 18:18:00+08,2025-11-12 20:02:06+08,125,0.97560975609756097561
r/PrivateLabeling,81,2014-12-13 10:15:46+08,2019-08-04 01:14:53+08,231,2.6172839506172840
r/ECommerceLatest,78,2020-03-12 06:49:36+08,2025-02-03 22:22:36+08,3,1.1153846153846154
r/deAmazon,77,2020-06-06 23:23:08+08,2024-10-30 19:26:06+08,243,11.5064935064935065
r/Walmart_Creatures,74,2015-03-10 07:33:57+08,2025-11-06 03:39:35+08,52,5.7297297297297297
r/Aliexpress_Addicts,73,2019-10-13 19:31:02+08,2023-06-28 23:30:31+08,27,1.4383561643835616
r/ShopifyDeals,69,2017-06-26 22:47:08+08,2024-01-19 00:43:28+08,10,1.0579710144927536
r/EtsyCollections,68,2016-11-12 09:19:28+08,2024-03-19 07:57:17+08,0,1.6470588235294118
r/AmazonFBASellerhelp,67,2024-08-28 22:02:34+08,2025-10-06 00:24:45+08,17,1.00000000000000000000
r/AmazonFBANinja,66,2018-09-25 21:31:30+08,2025-11-02 05:56:12+08,27,1.0454545454545455
r/laravel,66,2025-09-29 01:00:49+08,2025-10-28 01:00:50+08,1118,25.3333333333333333
r/AllThingsAmazonFBA,66,2022-12-30 02:49:48+08,2025-10-06 03:23:50+08,78,1.3181818181818182
r/PassiveFBA,65,2024-01-09 08:04:03+08,2024-04-19 01:56:24+08,85,1.0307692307692308
r/VintageEtsy,65,2014-05-14 16:58:34+08,2020-05-20 01:22:18+08,196,2.0615384615384615
r/Shopifynews,62,2017-05-05 16:09:11+08,2021-06-11 23:20:11+08,12,1.4193548387096774
r/DropshipMarketing,62,2020-12-17 17:54:48+08,2024-04-04 21:07:08+08,49,1.7258064516129032
r/AliexpressRUssia,61,2015-09-04 04:12:06+08,2020-10-08 20:48:20+08,11,0.98360655737704918033
r/Shopify_Success,61,2024-06-03 19:01:10+08,2025-07-11 06:36:49+08,92,2.4918032786885246
r/Aliexpress_tips,61,2019-07-07 17:22:20+08,2025-11-12 10:20:12+08,25,1.7540983606557377
r/FBABooks,60,2020-10-18 12:26:49+08,2025-10-18 03:11:28+08,266,2.1000000000000000
r/etsyjewelry,60,2016-04-29 10:40:54+08,2025-11-12 19:19:34+08,30,3.3333333333333333
r/EtsyPrintfulSellers,59,2017-10-22 19:11:14+08,2025-11-12 22:43:27+08,39,1.2372881355932203
r/webflow,59,2025-10-28 14:49:30+08,2025-11-04 10:16:59+08,233,4.3559322033898305
r/strombikes,56,2018-07-25 20:54:57+08,2023-04-17 18:45:33+08,92,1.7857142857142857
r/shopifystoreowners,53,2021-12-12 20:56:43+08,2024-02-18 13:29:16+08,176,1.5283018867924528
r/AliexpressCheap,52,2016-03-16 16:44:12+08,2025-11-08 01:49:04+08,12,1.1346153846153846
r/LazadaVoucherCoupon,51,2020-03-23 04:05:41+08,2022-03-26 16:38:34+08,4,2.3725490196078431
r/WalmartDeals,51,2013-08-15 23:05:14+08,2025-11-11 03:00:39+08,18,2.0196078431372549
r/Wal_Mart,50,2016-02-07 04:15:40+08,2025-10-27 11:48:20+08,74,1.4400000000000000
r/WalmartSmiley,49,2024-11-07 11:41:26+08,2025-08-15 02:41:58+08,23,3.3673469387755102
r/SoBooster_Shopify,49,2021-04-05 13:10:37+08,2024-11-10 17:51:29+08,134,1.0816326530612245
r/dropshipping_on_ebay,48,2021-10-22 02:34:08+08,2022-07-24 23:53:36+08,14,1.1666666666666667
r/AmazonFinds,48,2021-08-21 22:20:30+08,2022-11-06 06:27:53+08,64,6.2916666666666667
r/DropshippingMaster,45,2020-06-26 15:58:58+08,2020-07-08 08:29:58+08,15,1.1111111111111111
r/Shopify_Advanced,42,2022-11-05 05:33:44+08,2025-06-02 18:27:55+08,39,1.5238095238095238
r/printOnDemand,42,2025-09-30 09:52:01+08,2025-10-25 21:34:02+08,262,3.5476190476190476
r/AmazonFBA_USA,41,2024-05-20 04:06:17+08,2025-09-11 12:29:28+08,8,1.3902439024390244
r/ShopifyUK,38,2019-03-27 22:43:23+08,2020-04-01 23:33:46+08,64,4.4210526315789474
r/Canadian_FBA_Sellers,37,2018-03-02 23:12:33+08,2024-11-22 14:03:47+08,13,1.3783783783783784
r/B2Becommerce_Hub,37,2025-09-29 21:03:19+08,2025-11-06 17:10:31+08,90,3.3243243243243243
r/WalmartCustomers,36,2024-07-20 08:22:38+08,2025-11-12 13:04:10+08,140,2.9722222222222222
r/ShopifyPartners,36,2021-04-18 04:04:33+08,2025-11-06 20:10:59+08,45,1.8611111111111111
r/aliexpress_finds,35,2024-07-15 01:23:38+08,2025-11-12 08:55:59+08,13,2.0857142857142857
r/EtsySellerOnly,35,2021-12-13 19:09:15+08,2023-09-16 14:47:17+08,40,1.3428571428571429
r/TikTokShopAffiliates,35,2024-09-06 01:29:53+08,2025-11-09 00:39:57+08,26,1.9714285714285714
r/fbastrategy,34,2017-08-13 04:23:57+08,2024-05-31 22:35:03+08,5,1.1764705882352941
r/AmazonSellerTipsUSA,33,2024-03-25 12:10:10+08,2025-02-08 15:30:51+08,27,2.8484848484848485
r/EcommerceDACH,33,2025-02-12 00:59:02+08,2025-11-12 21:55:39+08,238,4.3939393939393939
r/AutomateShopify,33,2025-09-16 08:25:39+08,2025-11-12 13:55:55+08,171,6.2727272727272727
r/AskShopify,32,2024-08-03 22:09:29+08,2025-11-12 12:40:58+08,111,1.0937500000000000
r/TikTokShopping,29,2021-11-13 20:31:28+08,2023-10-21 09:53:11+08,31,1.8620689655172414
r/shopifyappstore,27,2022-04-22 23:01:05+08,2023-11-28 13:34:32+08,28,2.3703703703703704
r/EtsyTurkiye,27,2025-01-06 07:23:39+08,2025-11-03 15:35:16+08,9,1.1111111111111111
r/m2ecommerce,26,2024-12-27 06:10:49+08,2025-11-04 20:46:36+08,8,2.6538461538461538
r/philippinescoupon,26,2021-07-20 23:59:49+08,2025-09-14 22:40:42+08,15,2.1538461538461538
r/DropshippingHustle44,24,2024-05-13 14:22:28+08,2025-07-11 06:14:40+08,20,1.4166666666666667
r/ShopeeFindsPH,24,2021-04-17 18:14:14+08,2022-09-08 22:12:38+08,47,2.6666666666666667
r/Walmart_Resellers,23,2025-03-09 12:03:29+08,2025-10-18 10:14:08+08,11,1.2608695652173913
r/VintageEtsySellers,23,2020-07-31 20:47:09+08,2023-10-03 06:01:46+08,47,3.2173913043478261
r/EcommerceMillionaire,23,2020-10-24 22:51:38+08,2020-10-26 04:06:32+08,31,1.2608695652173913
r/DropshippingProducts,22,2021-08-04 22:20:08+08,2021-09-15 20:24:08+08,7,1.0454545454545455
r/LazadaSellersGroup,21,2024-06-14 11:58:39+08,2025-10-16 02:25:58+08,17,1.0952380952380952
r/ShopifyHydrogen,21,2021-11-10 14:13:06+08,2025-03-27 17:12:02+08,34,1.7619047619047619
r/Dropshippingebay,20,2021-02-13 11:04:05+08,2025-10-28 16:57:53+08,9,1.00000000000000000000
r/ShopeePHCommunity,20,2024-12-12 23:09:32+08,2025-03-03 13:22:29+08,11,1.5500000000000000
r/WalmartAfterHours,20,2025-04-21 04:53:32+08,2025-09-22 07:45:42+08,47,3.7500000000000000
r/TikToksellerssupport,20,2024-03-18 16:51:35+08,2025-02-19 06:51:37+08,18,1.4000000000000000
r/juststart,9,2025-10-01 23:12:12+08,2025-10-25 21:15:46+08,133,11.8888888888888889
r/AliExpressCode,5,2025-10-28 16:24:35+08,2025-11-04 10:49:19+08,12,12.2000000000000000
r/ShopifyAttribution,4,2025-11-04 13:18:18+08,2025-11-12 20:24:31+08,1,3.2500000000000000
r/aliexpresscouponcodes,3,2025-10-29 08:59:35+08,2025-11-04 10:14:16+08,7,3.6666666666666667
r/aliexpressfinds,3,2025-10-29 15:31:51+08,2025-11-01 16:01:15+08,3,4.6666666666666667
r/Shopify_USA,3,2025-10-30 19:30:54+08,2025-10-31 19:54:02+08,0,1.00000000000000000000
r/AliexpressCoins,2,2025-11-01 23:54:20+08,2025-11-02 00:05:26+08,0,1.5000000000000000
r/Dropshipping_com,1,2025-10-29 04:23:57+08,2025-10-29 04:23:57+08,1,1.00000000000000000000
r/Shopify_India,1,2025-10-30 19:21:11+08,2025-10-30 19:21:11+08,0,1.00000000000000000000
