subreddit,post_count,earliest_post,latest_post,total_comments,avg_score
r/SaaS,1380,2021-06-17 21:17:27+08,2025-11-13 13:05:20+08,48606,84.9253623188405797
r/newworldgame,1319,2021-07-23 06:42:14+08,2025-11-13 02:54:25+08,158383,779.0553449583017437
r/RepTronics,1316,2017-06-13 09:24:25+08,2025-11-12 17:31:21+08,30276,45.8617021276595745
r/AmazonWFShoppers,1302,2020-05-01 01:30:17+08,2025-05-18 12:00:35+08,18244,27.3509984639016897
r/AITAH,1295,2023-07-18 22:57:24+08,2025-11-13 12:56:35+08,1540967,5544.7243243243243243
r/AmIOverreacting,1293,2024-04-17 03:33:51+08,2025-11-13 13:05:40+08,1669226,5673.9358081979891725
r/conspiracy,1281,2015-05-04 22:40:14+08,2025-11-13 11:48:52+08,295497,3690.4613583138173302
r/investing,1266,2016-07-15 21:43:48+08,2025-11-13 10:51:38+08,211962,788.8183254344391785
r/EtsySellers,1265,2020-05-29 05:48:19+08,2025-11-13 11:20:46+08,37028,107.1106719367588933
r/RepladiesDesigner,1261,2023-10-29 20:06:45+08,2025-11-13 11:01:33+08,58179,109.2244250594766059
r/FacebookAds,1257,2021-02-22 10:54:55+08,2025-11-13 02:44:11+08,27800,27.7804295942720764
r/Aliexpress,1255,2019-02-26 01:18:02+08,2025-11-13 04:27:30+08,34059,167.8414342629482072
r/brasil,1255,2016-11-29 19:10:24+08,2025-11-13 10:36:44+08,122059,1323.9434262948207171
r/ebikes,1255,2019-05-08 07:01:18+08,2025-11-13 02:52:00+08,65722,166.6478087649402390
r/AmazonFlexDrivers,1254,2018-10-28 08:36:41+08,2025-11-13 05:03:21+08,91902,229.6539074960127592
r/Indiemakeupandmore,1252,2015-12-20 19:44:42+08,2025-11-13 02:22:09+08,32415,123.9752396166134185
r/bigseo,1252,2013-05-14 19:43:01+08,2025-11-13 01:52:34+08,20473,14.7635782747603834
r/dropshipping,1251,2021-01-07 03:53:24+08,2025-11-13 12:22:24+08,32069,45.9120703437250200
r/LabubuDrops,1250,2025-05-12 23:45:00+08,2025-11-13 11:45:18+08,30185,122.2280000000000000
r/Entrepreneur,1250,2013-08-22 23:27:28+08,2025-11-13 00:24:41+08,110022,417.6760000000000000
r/amazonecho,1249,2016-04-18 05:45:55+08,2025-11-13 06:29:11+08,25474,78.4691753402722178
r/kindle,1249,2020-07-01 22:25:46+08,2025-11-13 04:48:26+08,51901,360.3146517213771017
r/Gear4Sale,1248,2011-03-24 08:16:12+08,2025-11-13 09:04:19+08,3954,5.5400641025641026
r/Legomarket,1248,2019-03-24 07:12:07+08,2025-11-13 09:47:29+08,10140,11.5809294871794872
r/ecommerce,1248,2016-03-28 03:32:43+08,2025-11-13 10:48:50+08,33030,33.2011217948717949
r/LaptopDeals,1248,2018-10-29 05:00:08+08,2025-11-12 17:04:28+08,31334,26.5480769230769231
r/BoardGameExchange,1247,2016-05-01 07:37:57+08,2025-11-13 03:34:13+08,7640,7.5934242181234964
r/FashionReps,1245,2017-11-01 05:35:19+08,2025-11-13 05:40:20+08,87144,717.8224899598393574
r/Sparkdriver,1245,2022-07-14 04:39:04+08,2025-11-13 05:51:40+08,69676,59.1156626506024096
r/VideoGameDealsCanada,1244,2018-07-06 00:12:44+08,2025-11-13 03:04:09+08,25953,40.9308681672025723
r/dropship,1243,2017-06-22 01:43:37+08,2025-11-13 02:41:14+08,30636,41.0707964601769912
r/sticker,1243,2016-08-23 02:36:08+08,2025-11-13 09:39:34+08,27155,178.7192276749798874
r/Flipping,1243,2016-01-12 22:00:37+08,2025-11-13 02:19:27+08,60148,266.3298471440064360
r/FulfillmentByAmazon,1243,2014-10-23 13:15:10+08,2025-11-13 11:53:45+08,23629,27.2630732099758648
r/PPC,1243,2017-12-02 03:07:13+08,2025-11-13 11:27:00+08,24178,24.4255832662912309
r/amazonprime,1240,2020-10-20 15:19:18+08,2025-11-13 04:23:39+08,95049,396.3395161290322581
r/FASCAmazon,1240,2019-07-07 01:21:57+08,2025-11-13 05:16:19+08,30021,72.3854838709677419
r/peopleofwalmart,1239,2019-03-25 08:45:01+08,2025-11-12 03:54:33+08,99839,1676.1702986279257466
r/AliExpressBR,1236,2024-05-08 09:46:03+08,2025-11-13 07:35:57+08,40034,80.7944983818770227
r/TaylorSwiftMerch,1236,2021-01-20 03:01:45+08,2025-11-13 10:05:48+08,42877,97.5177993527508091
r/IndieExchange,1234,2016-08-08 05:24:15+08,2025-11-13 06:41:43+08,11785,6.8006482982171799
r/Etsy,1234,2018-07-31 21:55:55+08,2025-11-13 03:53:11+08,33694,111.9837925445705024
r/wedding,1233,2018-01-09 06:30:20+08,2025-11-13 10:13:49+08,128259,535.7915652879156529
r/gamersupps,1232,2022-02-08 12:54:46+08,2025-11-13 12:29:04+08,20119,79.0738636363636364
r/stickerstore,1225,2019-02-11 01:55:16+08,2025-11-12 11:38:08+08,1991,14.1175510204081633
r/digital_marketing,1222,2017-01-26 10:33:31+08,2025-11-12 23:30:42+08,19868,21.4206219312602291
r/AmazonMerch,1218,2017-07-08 00:48:48+08,2025-11-13 09:21:22+08,16534,9.4392446633825944
r/amazon,1218,2015-07-15 16:10:56+08,2025-11-13 04:00:04+08,25166,57.1141215106732348
r/AmazonMusic,1217,2019-03-22 23:50:13+08,2025-11-13 04:31:16+08,12168,12.8512736236647494
r/Netsuite,1213,2016-07-28 23:13:24+08,2025-11-13 10:57:36+08,13040,8.0741962077493817
r/Amazon_Influencer,1209,2022-12-20 02:41:46+08,2025-11-13 02:07:09+08,13689,5.8461538461538462
r/logistics,1208,2016-05-18 00:20:07+08,2025-11-13 11:18:44+08,15593,14.9105960264900662
r/SwiftieMerch,1205,2021-07-09 10:51:51+08,2025-11-13 09:01:29+08,37313,130.6456431535269710
r/AmazonSeller,1202,2016-01-13 08:19:40+08,2025-11-12 22:28:27+08,13591,6.7687188019966722
r/TikTokshop,1200,2023-08-03 14:48:19+08,2025-11-13 01:41:31+08,13723,3.8758333333333333
r/BestAliExpressFinds,1196,2015-08-18 03:23:49+08,2025-11-11 23:12:43+08,1807,13.2441471571906355
r/TechSEO,1195,2018-01-19 03:57:14+08,2025-11-13 02:19:55+08,13007,8.0242677824267782
r/JewelryReps,1191,2019-10-20 23:46:01+08,2025-11-13 10:40:17+08,28206,34.9345088161209068
r/Printify,1190,2020-01-01 15:21:55+08,2025-11-13 05:45:34+08,8508,4.2563025210084034
r/stickers,1189,2019-08-04 22:22:34+08,2025-11-13 08:27:35+08,10129,67.7914213624894870
r/AmazonFBA,1188,2016-09-06 12:51:55+08,2025-11-12 22:52:28+08,18323,13.8350168350168350
r/AmazonFBAOnlineRetail,1185,2018-04-08 14:03:22+08,2025-11-12 16:08:23+08,6360,4.0447257383966245
r/News_Walmart,1184,2020-11-02 19:06:20+08,2022-11-28 16:24:23+08,411,1.1224662162162162
r/smallbusinessuk,1183,2020-02-23 21:59:32+08,2025-11-13 11:05:03+08,28641,21.4809805579036348
r/dhl,1173,2021-01-03 05:42:52+08,2025-11-13 09:23:17+08,15696,15.3265132139812447
r/AvatarLegendsTTRPG,1166,2021-07-14 15:54:10+08,2025-11-13 05:16:08+08,7248,21.9185248713550600
r/printondemand,1165,2020-04-07 23:16:23+08,2025-11-13 02:10:53+08,11620,8.3081545064377682
r/fashionph,1164,2023-04-14 15:01:30+08,2025-11-13 00:40:53+08,27354,185.2448453608247423
r/walmart_RX,1163,2019-08-17 04:02:35+08,2025-11-13 03:52:04+08,15638,12.0318142734307825
r/amazonemployees,1158,2021-06-28 03:33:12+08,2025-11-13 05:12:36+08,33300,69.6243523316062176
r/Alibaba,1153,2020-12-19 05:09:27+08,2025-11-13 08:54:41+08,13620,4.9219427580225499
r/PHitness,1151,2020-12-16 09:52:24+08,2025-11-13 00:53:45+08,31214,95.9139878366637706
r/WalmartSellers,1132,2018-06-07 04:13:56+08,2025-11-12 23:36:32+08,12191,4.0671378091872792
r/WalmartCanada,1126,2019-05-23 08:00:18+08,2025-11-13 06:59:07+08,13058,10.8268206039076377
r/seogrowth,1126,2021-07-26 18:55:53+08,2025-11-13 00:17:59+08,11867,8.8543516873889876
r/strictlycomedancing,1122,2020-11-23 03:59:54+08,2025-11-13 08:20:41+08,59838,64.4928698752228164
r/NewsRewind,1120,2025-10-14 23:02:47+08,2025-11-13 11:44:05+08,7830,84.3642857142857143
r/ecommercemarketing,1113,2019-06-26 21:15:36+08,2025-11-12 18:06:28+08,4045,3.3171608265947889
r/AmazonFBATips,1112,2019-02-19 17:58:04+08,2025-11-12 22:45:50+08,9888,5.3237410071942446
r/Dropshipping_Guide,1112,2020-05-06 04:55:35+08,2025-11-12 23:01:22+08,7975,5.6232014388489209
r/SpellcasterReviews,1101,2023-01-09 19:36:51+08,2025-11-13 08:25:49+08,17327,8.0890099909173479
r/AmazonWTF,1093,2015-04-12 02:52:43+08,2025-11-13 03:33:03+08,15317,164.4354986276303751
r/ShopifyeCommerce,1088,2017-02-14 03:45:27+08,2025-11-13 05:54:51+08,7451,4.2095588235294118
r/freightforwarding,1085,2020-05-08 02:43:41+08,2025-11-13 06:52:04+08,7330,2.6866359447004608
r/shopifyDev,1074,2020-05-01 03:01:37+08,2025-11-13 00:55:44+08,6173,3.9022346368715084
r/MerchByAmazon,1072,2017-08-20 04:04:18+08,2025-11-13 06:19:50+08,6877,3.5429104477611940
r/amazonfresh,1058,2020-01-13 09:18:47+08,2025-11-13 01:14:33+08,9139,5.8969754253308129
r/DropshippingTips,1058,2019-10-03 16:11:05+08,2025-11-13 07:55:24+08,2862,2.0189035916824197
r/vine,1008,2023-05-26 00:22:56+08,2025-11-12 23:18:09+08,17165,9.8908730158730159
r/AntiAmazon,1005,2020-07-16 00:03:59+08,2025-09-13 05:17:54+08,3006,60.8398009950248756
r/fuckamazon,1004,2020-07-24 10:24:33+08,2025-11-13 01:42:19+08,7264,68.5159362549800797
r/ShopifyAppDev,1004,2017-12-18 05:11:11+08,2025-11-13 06:51:17+08,3583,3.2340637450199203
r/AmazonAnswers,1004,2018-10-23 09:14:14+08,2025-11-12 01:30:36+08,5109,160.2410358565737052
r/MotorBuzz,1002,2024-12-20 07:31:11+08,2025-11-12 06:55:16+08,9589,54.2574850299401198
r/RandomActsofEtsy,975,2023-10-07 05:35:04+08,2025-11-13 02:56:15+08,8207,6.3548717948717949
r/EtsyAdvertise,966,2021-03-05 11:19:58+08,2023-09-19 01:20:59+08,649,2.4109730848861284
r/SmallBusinessUAE,917,2024-12-23 11:05:53+08,2025-11-13 05:16:57+08,6756,4.6673936750272628
r/ShopifySEO,880,2019-03-27 12:29:21+08,2025-11-12 21:45:57+08,3488,2.6034090909090909
r/TikTokShopSellersClub,814,2023-10-25 13:14:36+08,2025-11-13 08:38:29+08,2364,1.6388206388206388
r/AmazonUnder5,737,2013-04-05 05:31:59+08,2025-10-18 02:00:38+08,1747,15.4572591587516961
r/walmartpeople,726,2013-03-25 10:05:51+08,2023-02-26 13:36:27+08,5984,63.4972451790633609
r/LazadaGamers,718,2024-10-31 17:55:25+08,2025-11-13 00:05:58+08,11041,1.2674094707520891
r/amazonsellers,710,2016-10-05 16:54:33+08,2024-04-23 22:56:16+08,1708,2.1070422535211268
r/Shopify,702,2018-11-17 00:44:29+08,2025-11-13 11:25:19+08,8613,10.6809116809116809
r/EcommerceLife,688,2024-06-29 00:01:33+08,2024-07-10 17:03:38+08,12,1.0159883720930233
r/eCommerceSEO,680,2016-08-18 19:25:48+08,2025-11-12 18:14:41+08,989,1.9764705882352941
r/AmazonPrimeDeals,656,2013-02-26 01:52:46+08,2025-11-12 07:59:35+08,147,1.5990853658536585
r/AmazonArgentina,656,2019-07-17 21:03:47+08,2025-11-13 03:06:14+08,9380,9.2545731707317073
r/SellingOnAmazonFBA,646,2021-09-15 19:43:55+08,2025-11-08 23:02:31+08,566,1.9241486068111455
r/ecommerces,644,2015-07-08 23:24:00+08,2025-11-12 12:19:22+08,187,1.2639751552795031
r/EtsyTrafficJamTeam,636,2025-08-13 06:52:10+08,2025-10-23 01:03:07+08,2219,1.8128930817610063
r/Amazonsellercentral,610,2018-08-21 01:47:32+08,2025-11-13 01:18:01+08,1258,1.6032786885245902
r/Lazada,606,2017-03-01 01:20:54+08,2022-01-03 12:00:22+08,912,1.5033003300330033
r/Design_WATC,570,2018-11-20 05:49:47+08,2025-10-15 21:20:38+08,150,2.7035087719298246
r/shopify,533,2018-11-29 00:26:15+08,2025-11-13 12:16:20+08,20921,52.9305816135084428
r/LongevityStacks,522,2025-06-16 08:04:13+08,2025-11-08 01:20:23+08,177,1.7988505747126437
r/FBAadvanced,516,2015-10-25 01:09:53+08,2024-08-26 21:43:07+08,709,1.7170542635658915
r/AmazonManagers,469,2022-04-12 15:18:35+08,2025-11-13 05:44:40+08,4003,4.4669509594882729
r/AmazonDSP,456,2020-01-13 19:50:28+08,2025-11-12 04:04:24+08,3716,7.9166666666666667
r/AmazonWarehouse,449,2020-07-04 16:59:18+08,2025-11-11 08:03:07+08,1351,2.2383073496659243
r/NoviStars,404,2020-06-16 01:05:53+08,2025-11-13 07:15:48+08,1851,49.4579207920792079
r/eCommerceFulfillment,376,2015-12-09 16:02:39+08,2020-08-30 14:10:31+08,16,1.0026595744680851
r/ItaliaStartups,372,2024-05-28 21:10:40+08,2025-11-13 01:26:33+08,3360,5.2741935483870968
r/affiliatePH,341,2025-05-04 22:13:56+08,2025-11-12 20:34:17+08,330,2.1876832844574780
r/BestBuyAliexpress,329,2023-02-07 02:35:14+08,2025-11-04 11:14:18+08,409,4.1185410334346505
r/ChinaBudget_Escooters,294,2025-05-13 11:16:00+08,2025-11-13 02:26:31+08,3480,6.2244897959183673
r/DropshippingBiz,272,2020-02-19 23:35:22+08,2024-06-23 01:16:35+08,589,1.7941176470588235
r/AmazonFlex,260,2015-11-24 23:21:41+08,2020-04-20 19:31:54+08,1420,3.5538461538461538
r/Etsyselling,248,2021-03-08 19:16:45+08,2025-10-04 17:18:00+08,189,2.0403225806451613
r/etsylistings,243,2022-03-18 09:22:01+08,2023-05-03 22:05:42+08,62,1.3456790123456790
r/Shopify_Users,239,2021-06-02 19:40:49+08,2025-10-06 21:32:52+08,321,2.2887029288702929
r/AskAmazonSellers,235,2023-09-20 06:27:30+08,2025-11-12 02:23:30+08,571,1.6255319148936170
r/EtsyHelp,235,2016-04-26 12:17:56+08,2025-11-05 08:07:53+08,402,1.4851063829787234
r/SEO_Marketing_Offers,232,2022-12-06 16:23:50+08,2025-11-12 23:19:02+08,1323,5.6982758620689655
r/86deal,231,2019-05-21 15:45:21+08,2025-09-04 01:25:11+08,44,1.0995670995670996
r/ecommerceserviceusa,223,2024-11-24 01:32:46+08,2025-11-08 23:51:23+08,17,1.4349775784753363
r/LazadaDealsPH,218,2024-05-04 12:43:48+08,2025-10-09 19:53:36+08,96,2.0183486238532110
r/WalmartAssociates,217,2016-05-30 10:47:28+08,2025-11-07 05:12:37+08,598,2.5990783410138249
r/ShopifyDevelopment,216,2023-06-22 12:14:08+08,2025-11-08 10:55:34+08,211,1.3518518518518519
r/wtf_amazon,213,2015-06-28 02:16:11+08,2020-04-22 04:42:14+08,575,17.3802816901408451
r/aliexpressreviews,209,2018-04-27 23:53:39+08,2025-11-06 07:56:07+08,281,6.1244019138755981
r/tiktok_shop_sellers,209,2024-01-13 11:53:07+08,2025-11-07 22:53:20+08,745,1.6267942583732057
r/smallbusiness,206,2025-09-28 18:35:38+08,2025-11-12 15:45:33+08,13589,120.5970873786407767
r/EtsyStrike,204,2022-02-25 07:40:02+08,2024-11-12 07:00:11+08,1466,20.1519607843137255
r/Walmartcustomer,201,2022-04-07 07:56:02+08,2025-11-12 13:44:43+08,3005,46.8557213930348259
r/startups,201,2025-09-28 18:43:39+08,2025-11-12 16:58:38+08,6607,38.7462686567164179
r/PrivateLabelSellers,196,2024-02-23 19:25:54+08,2025-11-11 08:33:31+08,1890,3.4591836734693878
r/FBAsourcing,195,2018-05-28 00:28:35+08,2025-11-10 12:36:03+08,312,2.5435897435897436
r/srscinemallc,190,2022-02-11 01:24:51+08,2025-11-11 03:10:47+08,193,2.0315789473684211
r/ShopifyWebsites,189,2020-07-22 00:54:08+08,2025-11-13 05:34:58+08,766,3.8888888888888889
r/AmazonFBAforNewbies,187,2023-01-25 15:59:38+08,2025-11-13 01:40:31+08,418,1.6417112299465241
r/UXDesign,186,2025-09-29 18:42:53+08,2025-11-12 18:47:33+08,5264,51.1021505376344086
r/AchadinhosDaShopeeBR,184,2024-11-28 05:02:53+08,2025-11-12 01:12:33+08,19,2.0108695652173913
r/SellersPub,184,2021-07-12 20:19:32+08,2025-11-13 02:18:02+08,311,2.0217391304347826
r/DropshippingNinja,178,2018-09-30 09:27:36+08,2019-12-20 08:12:23+08,114,1.2921348314606742
r/SuppliersInUSA,176,2024-05-03 14:52:40+08,2025-11-12 20:39:36+08,290,1.6363636363636364
r/marketing,171,2025-09-28 16:38:44+08,2025-11-12 10:46:57+08,5350,36.7251461988304094
r/AngelnmitAliexpress,170,2024-09-26 14:11:58+08,2025-11-08 14:22:31+08,358,2.1941176470588235
r/lazadareviews,168,2019-03-27 13:11:47+08,2025-11-11 10:36:20+08,268,2.3452380952380952
r/gamingkickstarter,167,2012-04-09 21:56:21+08,2022-12-05 16:06:26+08,110,2.9580838323353293
r/test_1,160,2025-10-01 12:40:10.798566+08,2025-10-28 12:40:10.798566+08,3820,87.0000000000000000
r/test_7,160,2025-10-01 12:40:10.798566+08,2025-10-28 12:40:10.798566+08,3920,87.0000000000000000
r/test_6,160,2025-10-01 12:40:10.798566+08,2025-10-28 12:40:10.798566+08,3820,87.0000000000000000
r/test_5,160,2025-10-01 12:40:10.798566+08,2025-10-28 12:40:10.798566+08,3720,87.0000000000000000
r/test_4,160,2025-10-01 12:40:10.798566+08,2025-10-28 12:40:10.798566+08,4120,87.0000000000000000
r/test_31,160,2025-10-01 12:40:10.798566+08,2025-10-28 12:40:10.798566+08,3820,87.0000000000000000
r/test_30,160,2025-10-01 12:40:10.798566+08,2025-10-28 12:40:10.798566+08,3720,87.0000000000000000
r/test_3,160,2025-10-01 12:40:10.798566+08,2025-10-28 12:40:10.798566+08,4020,87.0000000000000000
r/test_29,160,2025-10-01 12:40:10.798566+08,2025-10-28 12:40:10.798566+08,4120,87.0000000000000000
r/test_28,160,2025-10-01 12:40:10.798566+08,2025-10-28 12:40:10.798566+08,4020,87.0000000000000000
r/test_27,160,2025-10-01 12:40:10.798566+08,2025-10-28 12:40:10.798566+08,3920,87.0000000000000000
r/test_26,160,2025-10-01 12:40:10.798566+08,2025-10-28 12:40:10.798566+08,3820,87.0000000000000000
r/test_25,160,2025-10-01 12:40:10.798566+08,2025-10-28 12:40:10.798566+08,3720,87.0000000000000000
r/test_24,160,2025-10-01 12:40:10.798566+08,2025-10-28 12:40:10.798566+08,4120,87.0000000000000000
r/test_23,160,2025-10-01 12:40:10.798566+08,2025-10-28 12:40:10.798566+08,4020,87.0000000000000000
r/test_22,160,2025-10-01 12:40:10.798566+08,2025-10-28 12:40:10.798566+08,3920,87.0000000000000000
r/test_21,160,2025-10-01 12:40:10.798566+08,2025-10-28 12:40:10.798566+08,3820,87.0000000000000000
r/test_20,160,2025-10-01 12:40:10.798566+08,2025-10-28 12:40:10.798566+08,3720,87.0000000000000000
r/test_2,160,2025-10-01 12:40:10.798566+08,2025-10-28 12:40:10.798566+08,3920,87.0000000000000000
r/test_19,160,2025-10-01 12:40:10.798566+08,2025-10-28 12:40:10.798566+08,4120,87.0000000000000000
r/test_18,160,2025-10-01 12:40:10.798566+08,2025-10-28 12:40:10.798566+08,4020,87.0000000000000000
r/test_17,160,2025-10-01 12:40:10.798566+08,2025-10-28 12:40:10.798566+08,3920,87.0000000000000000
r/test_16,160,2025-10-01 12:40:10.798566+08,2025-10-28 12:40:10.798566+08,3820,87.0000000000000000
r/test_15,160,2025-10-01 12:40:10.798566+08,2025-10-28 12:40:10.798566+08,3720,87.0000000000000000
r/test_14,160,2025-10-01 12:40:10.798566+08,2025-10-28 12:40:10.798566+08,4120,87.0000000000000000
r/test_13,160,2025-10-01 12:40:10.798566+08,2025-10-28 12:40:10.798566+08,4020,87.0000000000000000
r/test_12,160,2025-10-01 12:40:10.798566+08,2025-10-28 12:40:10.798566+08,3920,87.0000000000000000
r/test_11,160,2025-10-01 12:40:10.798566+08,2025-10-28 12:40:10.798566+08,3820,87.0000000000000000
r/test_9,160,2025-10-01 12:40:10.798566+08,2025-10-28 12:40:10.798566+08,4120,87.0000000000000000
r/test_10,160,2025-10-01 12:40:10.798566+08,2025-10-28 12:40:10.798566+08,3720,87.0000000000000000
r/test_0,160,2025-10-01 12:40:10.798566+08,2025-10-28 12:40:10.798566+08,3720,87.0000000000000000
r/test_8,160,2025-10-01 12:40:10.798566+08,2025-10-28 12:40:10.798566+08,4020,87.0000000000000000
r/ProductManagement,157,2025-09-28 20:24:14+08,2025-11-12 18:52:08+08,5335,38.8216560509554140
r/FuckWalmart,153,2017-07-03 08:05:43+08,2025-11-09 07:26:43+08,460,8.4313725490196078
r/writing,150,2025-09-28 18:45:13+08,2025-11-12 05:02:10+08,21765,293.7800000000000000
r/WritingPrompts,148,2025-09-28 22:07:33+08,2025-11-11 19:09:58+08,3463,390.8986486486486486
r/GetMotivated,147,2025-09-28 14:39:22+08,2025-11-12 08:28:14+08,4219,1636.7891156462585034
r/buildapc,147,2025-09-28 17:12:10+08,2025-11-12 05:33:13+08,24108,239.0340136054421769
r/gaming,147,2025-09-28 19:21:28+08,2025-11-12 01:38:11+08,92404,8769.5170068027210884
r/UI_Design,146,2025-09-28 18:03:33+08,2025-11-11 09:42:51+08,1851,32.2054794520547945
r/gadgets,146,2025-09-28 13:15:16+08,2025-11-12 18:41:52+08,17677,863.0136986301369863
r/EcommercePartners,146,2016-04-23 08:08:19+08,2025-10-30 15:00:07+08,19,1.0753424657534247
r/sales,144,2025-09-28 20:23:52+08,2025-11-11 11:55:29+08,13729,108.0972222222222222
r/wallstreetbets,144,2025-09-29 08:24:10+08,2025-11-12 06:13:43+08,83948,8763.6111111111111111
r/CryptoCurrency,144,2025-09-29 20:48:10+08,2025-11-12 03:28:23+08,25066,2084.1180555555555556
r/travel,143,2025-09-28 16:15:12+08,2025-11-11 14:28:56+08,20928,3908.1818181818181818
r/AmazonKDP,143,2015-03-07 09:12:32+08,2020-04-12 14:38:08+08,380,3.1398601398601399
r/pcmasterrace,142,2025-09-29 03:10:27+08,2025-11-12 16:33:21+08,105775,16057.169014084507
r/BuyItForLife,142,2025-09-28 13:06:43+08,2025-11-12 05:00:05+08,27312,926.0352112676056338
r/AI_In_ECommerce,141,2024-02-16 03:04:35+08,2025-11-12 14:56:23+08,241,2.1843971631205674
r/EatCheapAndHealthy,137,2025-09-29 11:22:38+08,2025-11-12 02:19:38+08,13245,210.2700729927007299
r/etsycirclejerk,129,2023-08-30 05:24:38+08,2025-10-20 08:33:45+08,3543,250.1705426356589147
r/crownpuffdeals,126,2024-09-30 05:18:12+08,2025-11-11 20:48:47+08,2950,27.2539682539682540
r/AnywhereButAmazon,126,2020-08-25 11:42:10+08,2024-07-02 03:18:41+08,855,55.7380952380952381
r/LazShop_PH,122,2025-08-13 09:40:16+08,2025-11-12 21:58:35+08,122,2.0655737704918033
r/TikTokShopSellers,118,2023-10-27 14:38:53+08,2025-11-12 21:41:36+08,193,1.4661016949152542
r/WalmartHealth,116,2020-07-06 06:08:26+08,2024-06-07 08:24:08+08,7,1.1465517241379310
r/EtsyUK,113,2020-05-28 22:27:39+08,2025-11-10 01:53:38+08,401,2.2035398230088496
r/DropshippingService,112,2022-05-26 06:55:14+08,2024-11-06 20:15:32+08,394,2.1517857142857143
r/taxPH,108,2025-10-28 11:03:42+08,2025-11-04 11:15:18+08,617,6.3796296296296296
r/Blogging,106,2025-09-29 04:12:02+08,2025-10-28 12:17:37+08,2259,12.9622641509433962
r/consulting,105,2025-09-28 19:03:05+08,2025-11-11 13:39:11+08,3443,121.8952380952380952
r/StudentLoans,103,2025-09-29 03:58:36+08,2025-10-28 05:13:23+08,8503,133.3300970873786408
r/GetEmployed,103,2025-09-28 16:21:19+08,2025-10-28 04:16:44+08,2522,63.3980582524271845
r/node,103,2025-09-28 23:17:54+08,2025-10-28 05:11:51+08,1977,28.5339805825242718
r/tax,102,2025-09-29 01:11:05+08,2025-10-28 07:26:17+08,3937,96.3235294117647059
r/kickstarter,102,2025-10-28 14:15:55+08,2025-11-04 12:01:43+08,483,3.6274509803921569
r/deeplearning,101,2025-09-28 16:27:54+08,2025-10-28 08:32:01+08,611,22.0693069306930693
r/AskEngineers,101,2025-09-29 01:39:58+08,2025-10-28 03:14:27+08,4385,32.0000000000000000
r/youtubers,100,2025-09-29 00:29:55+08,2025-10-28 01:45:25+08,1155,6.1900000000000000
r/Landlord,100,2025-09-29 01:05:22+08,2025-10-27 09:50:44+08,6860,46.4400000000000000
r/Insurance,100,2025-09-29 02:21:53+08,2025-10-28 03:27:41+08,5078,43.3000000000000000
r/Instagram,100,2025-09-28 19:59:25+08,2025-10-27 18:27:55+08,5137,84.7900000000000000
r/MachineLearning,100,2025-09-28 20:39:18+08,2025-10-27 19:01:29+08,2310,49.5700000000000000
r/MealPrepSunday,100,2025-09-28 15:56:42+08,2025-10-27 22:33:59+08,1979,274.7300000000000000
r/IndieGaming,100,2025-09-28 20:44:33+08,2025-10-27 18:29:46+08,8810,852.0900000000000000
r/Mortgages,100,2025-09-28 23:32:33+08,2025-10-27 13:24:00+08,9413,90.5200000000000000
r/ITCareerQuestions,100,2025-09-29 00:49:22+08,2025-10-28 04:53:01+08,5513,66.5100000000000000
r/HealthInsurance,100,2025-09-30 04:02:26+08,2025-10-28 04:05:43+08,8993,219.2900000000000000
r/NewTubers,100,2025-09-28 20:05:46+08,2025-10-27 22:23:10+08,7328,98.3100000000000000
r/Frugal,100,2025-09-28 18:38:18+08,2025-10-27 03:55:51+08,30185,1042.3000000000000000
r/PartneredYoutube,100,2025-09-28 14:29:53+08,2025-10-27 04:49:33+08,3447,32.3500000000000000
r/Frontend,100,2025-09-28 14:01:51+08,2025-10-27 14:52:45+08,1168,14.6000000000000000
r/FirstTimeHomeBuyer,100,2025-09-29 09:18:49+08,2025-10-27 11:03:51+08,9994,1392.2100000000000000
r/Python,100,2025-09-28 15:27:23+08,2025-10-27 23:17:33+08,4483,134.8100000000000000
r/FIRE,100,2025-09-28 20:10:41+08,2025-10-28 00:32:18+08,32711,926.8400000000000000
r/RealEstateInvesting,100,2025-09-28 14:49:10+08,2025-10-28 03:44:35+08,5446,42.4700000000000000
r/ExperiencedDevs,100,2025-09-28 20:06:45+08,2025-10-27 19:21:11+08,12667,250.8600000000000000
r/SEO,100,2025-09-28 21:21:15+08,2025-10-27 11:45:54+08,4586,27.1300000000000000
r/EngineeringStudents,100,2025-09-28 14:21:40+08,2025-10-28 04:19:42+08,6095,369.3700000000000000
r/Emailmarketing,100,2025-09-29 04:26:44+08,2025-10-27 08:01:52+08,1780,7.0900000000000000
r/Streaming,100,2025-09-29 02:30:43+08,2025-10-27 19:30:43+08,650,5.1100000000000000
r/Twitch,100,2025-09-28 14:34:18+08,2025-10-27 11:48:58+08,5411,153.3100000000000000
r/Unity3D,100,2025-09-28 21:18:11+08,2025-10-28 00:17:38+08,4280,551.1200000000000000
r/VideoEditing,100,2025-09-28 14:13:19+08,2025-10-27 11:36:28+08,1148,38.1200000000000000
r/DecidingToBeBetter,100,2025-09-28 20:43:21+08,2025-10-27 15:33:15+08,3233,131.4200000000000000
r/CreditCards,100,2025-09-29 05:34:31+08,2025-10-28 06:07:56+08,8444,106.6500000000000000
r/Cooking,100,2025-09-28 15:06:18+08,2025-10-27 09:00:17+08,53507,693.7000000000000000
r/ContentCreation,100,2025-09-30 15:04:21+08,2025-10-28 06:03:02+08,179,3.0500000000000000
r/angular,100,2025-09-28 20:43:41+08,2025-10-28 05:11:22+08,850,12.5900000000000000
r/artificial,100,2025-09-29 18:30:22+08,2025-10-27 20:38:18+08,7680,261.5600000000000000
r/awardtravel,100,2025-09-28 13:56:44+08,2025-10-27 07:46:01+08,2655,37.5200000000000000
r/aws,100,2025-09-29 12:42:27+08,2025-10-27 07:34:13+08,4593,120.8300000000000000
r/azure,100,2025-09-29 14:31:45+08,2025-10-28 02:13:51+08,1834,30.0800000000000000
r/CRedit,100,2025-09-29 23:50:59+08,2025-10-27 09:33:14+08,6842,380.9100000000000000
r/bodyweightfitness,100,2025-09-28 19:48:08+08,2025-10-27 18:49:52+08,3127,104.0700000000000000
r/branding,100,2025-09-28 13:15:45+08,2025-10-28 02:06:10+08,1006,6.8700000000000000
r/budgetfood,100,2025-09-29 03:43:15+08,2025-10-28 04:05:33+08,7608,168.1900000000000000
r/careerguidance,100,2025-09-28 15:04:58+08,2025-10-28 00:37:00+08,17406,291.7200000000000000
r/coding,100,2025-09-28 19:05:02+08,2025-10-28 00:53:50+08,101,3.0200000000000000
r/copywriting,100,2025-09-28 16:31:04+08,2025-10-28 08:09:02+08,1773,13.4000000000000000
r/cscareerquestions,100,2025-09-28 20:45:40+08,2025-10-28 03:09:59+08,15597,428.4000000000000000
r/csharp,100,2025-09-29 00:22:03+08,2025-10-27 22:37:20+08,4273,68.3800000000000000
r/cycling,100,2025-09-28 17:53:51+08,2025-10-27 04:10:00+08,13912,218.3200000000000000
r/dataengineering,100,2025-09-28 14:36:37+08,2025-10-27 22:43:45+08,4121,161.0400000000000000
r/declutter,100,2025-09-28 19:08:32+08,2025-10-28 05:28:40+08,3330,184.0300000000000000
r/defi,100,2025-09-28 20:31:12+08,2025-10-28 00:19:34+08,1690,12.6300000000000000
r/depression,100,2025-09-28 16:30:30+08,2025-10-27 21:28:34+08,5348,203.1500000000000000
r/devops,100,2025-09-28 22:08:28+08,2025-10-28 01:09:21+08,7848,139.2000000000000000
r/Bitcoin,100,2025-09-29 04:52:22+08,2025-10-27 15:35:38+08,17111,1699.1000000000000000
r/digitalnomad,100,2025-09-28 14:14:23+08,2025-10-27 19:52:28+08,7194,43.3300000000000000
r/django,100,2025-09-28 22:25:33+08,2025-10-28 01:53:36+08,1280,20.9300000000000000
r/docker,100,2025-09-29 15:03:30+08,2025-10-28 00:53:00+08,1235,16.3200000000000000
r/dotnet,100,2025-09-29 08:48:50+08,2025-10-26 22:55:20+08,5776,84.7400000000000000
r/Backend,100,2025-09-29 00:36:28+08,2025-10-28 05:34:32+08,1590,22.6100000000000000
r/AskTechnology,100,2025-09-28 23:59:54+08,2025-10-28 01:02:33+08,3013,6.7000000000000000
r/AskProgramming,100,2025-09-28 23:50:38+08,2025-10-27 01:19:43+08,4500,19.7100000000000000
r/AskPhotography,100,2025-09-28 14:19:10+08,2025-10-28 09:19:53+08,6245,360.5000000000000000
r/ethereum,100,2025-09-28 15:56:46+08,2025-10-28 01:55:17+08,6855,57.7700000000000000
r/AskMarketing,100,2025-09-28 16:17:25+08,2025-10-27 20:54:23+08,2503,13.6800000000000000
r/AskHR,100,2025-09-29 06:31:08+08,2025-10-27 23:53:40+08,2358,30.6400000000000000
r/financialindependence,100,2025-09-28 17:01:16+08,2025-10-27 17:00:43+08,11430,108.6000000000000000
r/forhire,100,2025-09-29 00:14:47+08,2025-10-27 18:23:20+08,1314,10.7100000000000000
r/AskCulinary,100,2025-09-28 13:21:13+08,2025-10-27 12:02:28+08,2448,20.1500000000000000
r/gamedesign,100,2025-09-28 18:55:36+08,2025-10-26 15:43:38+08,2850,23.7500000000000000
r/gamedev,100,2025-09-28 13:17:14+08,2025-10-28 00:06:04+08,11400,267.2500000000000000
r/getdisciplined,100,2025-09-28 14:19:01+08,2025-10-27 23:53:40+08,3138,138.0600000000000000
r/golang,100,2025-09-29 13:42:41+08,2025-10-27 16:30:05+08,3249,85.0400000000000000
r/googlecloud,100,2025-09-28 17:10:06+08,2025-10-28 06:51:07+08,901,19.5700000000000000
r/graphic_design,100,2025-09-29 03:58:43+08,2025-10-27 14:24:13+08,7763,683.4800000000000000
r/hardware,100,2025-09-28 18:05:52+08,2025-10-26 19:33:20+08,9349,251.4100000000000000
r/homelab,100,2025-09-28 14:46:55+08,2025-10-27 22:39:22+08,10886,1016.2100000000000000
r/intermittentfasting,100,2025-09-28 13:49:29+08,2025-10-28 06:17:47+08,4057,1013.2400000000000000
r/interviews,100,2025-09-28 21:38:56+08,2025-10-27 22:21:23+08,7533,364.6600000000000000
r/Anxiety,100,2025-09-29 03:08:41+08,2025-10-27 02:42:06+08,6359,137.7600000000000000
r/java,100,2025-09-28 18:43:09+08,2025-10-28 04:13:47+08,2813,49.5800000000000000
r/javascript,100,2025-09-28 14:05:27+08,2025-10-27 22:00:28+08,1251,26.3200000000000000
r/jobs,100,2025-09-28 20:30:59+08,2025-10-27 17:51:30+08,23975,1169.8400000000000000
r/keto,100,2025-09-29 09:25:24+08,2025-10-27 09:05:04+08,5621,63.1300000000000000
r/kubernetes,100,2025-09-28 21:33:17+08,2025-10-28 05:06:19+08,2221,50.0900000000000000
r/learnjava,100,2025-09-28 18:39:28+08,2025-10-27 16:08:32+08,778,7.6300000000000000
r/learnjavascript,100,2025-09-28 17:33:20+08,2025-10-27 19:19:05+08,1282,8.2600000000000000
r/learnmachinelearning,100,2025-09-28 19:49:34+08,2025-10-28 00:24:57+08,3430,98.1600000000000000
r/learnprogramming,100,2025-09-28 18:18:33+08,2025-10-27 10:06:59+08,6395,121.5300000000000000
r/learnpython,100,2025-09-28 14:37:04+08,2025-10-27 04:20:11+08,3400,26.7100000000000000
r/logodesign,100,2025-09-28 17:58:07+08,2025-10-27 19:32:40+08,6521,454.7500000000000000
r/loseit,100,2025-09-28 22:23:37+08,2025-10-27 22:42:38+08,8031,398.5100000000000000
r/managers,100,2025-09-28 20:32:07+08,2025-10-27 13:19:16+08,12887,387.8800000000000000
r/mentalhealth,100,2025-09-28 22:18:34+08,2025-10-27 19:45:04+08,6231,139.8000000000000000
r/networking,100,2025-09-28 15:03:56+08,2025-10-28 03:26:22+08,4585,48.0000000000000000
r/nutrition,100,2025-09-28 15:43:49+08,2025-10-28 05:43:13+08,3790,21.0300000000000000
r/options,100,2025-09-29 00:29:29+08,2025-10-27 22:05:16+08,6866,106.9200000000000000
r/passive_income,100,2025-09-29 03:56:53+08,2025-10-27 07:30:57+08,7812,162.4000000000000000
r/photography,100,2025-09-29 00:22:08+08,2025-10-27 12:55:04+08,8703,93.5700000000000000
r/povertyfinance,100,2025-09-28 23:08:45+08,2025-10-28 01:29:22+08,29250,3793.1500000000000000
r/privacy,100,2025-09-28 22:42:28+08,2025-10-27 04:22:14+08,9406,682.6800000000000000
r/productivity,100,2025-09-28 19:39:28+08,2025-10-27 13:11:15+08,5682,374.6900000000000000
r/programming,100,2025-09-29 04:23:52+08,2025-10-27 18:22:42+08,10906,343.6000000000000000
r/progresspics,100,2025-09-29 05:19:15+08,2025-10-28 00:02:31+08,3377,1613.0200000000000000
r/rails,100,2025-09-28 17:29:19+08,2025-10-27 22:17:27+08,996,27.9900000000000000
r/reactjs,100,2025-09-28 23:47:28+08,2025-10-27 21:42:15+08,2779,43.2800000000000000
r/realestate,100,2025-09-28 13:07:56+08,2025-10-27 10:25:44+08,18311,210.7500000000000000
r/remotework,100,2025-09-28 22:18:20+08,2025-10-28 00:01:11+08,29712,4427.1700000000000000
r/resumes,100,2025-09-28 17:38:34+08,2025-10-27 05:34:47+08,1612,18.8600000000000000
r/running,100,2025-09-29 13:01:41+08,2025-10-27 21:46:23+08,5122,25.2100000000000000
r/rust,100,2025-09-28 18:15:35+08,2025-10-27 21:20:45+08,5820,255.5900000000000000
r/selfhosted,100,2025-09-28 17:23:32+08,2025-10-27 01:40:03+08,11981,412.1400000000000000
r/selfimprovement,100,2025-09-29 02:01:52+08,2025-10-27 05:46:30+08,8828,451.1700000000000000
r/selfpublish,100,2025-09-29 01:53:40+08,2025-10-28 04:38:56+08,6204,87.8400000000000000
r/sidehustle,100,2025-09-28 15:10:58+08,2025-10-27 22:29:19+08,5653,64.2200000000000000
r/simpleliving,100,2025-09-28 15:43:26+08,2025-10-27 18:50:13+08,4219,285.9900000000000000
r/slavelabour,100,2025-09-28 14:50:24+08,2025-10-27 12:14:22+08,2153,11.4800000000000000
r/socialmedia,100,2025-09-29 01:16:13+08,2025-10-27 07:36:50+08,2144,18.8900000000000000
r/solotravel,100,2025-09-28 17:40:21+08,2025-10-27 17:22:21+08,5544,90.0200000000000000
r/stocks,100,2025-09-28 23:45:37+08,2025-10-26 22:27:53+08,29777,1332.2100000000000000
r/sysadmin,100,2025-09-29 03:02:01+08,2025-10-28 08:46:54+08,26690,594.9900000000000000
r/taxpros,100,2025-09-29 02:28:05+08,2025-10-28 08:56:41+08,3218,30.2600000000000000
r/unrealengine,100,2025-09-28 21:26:26+08,2025-10-27 18:19:23+08,2290,49.3900000000000000
r/videography,100,2025-09-29 02:40:10+08,2025-10-27 21:53:39+08,4411,114.7400000000000000
r/Affiliatemarketing,100,2025-09-30 20:08:15+08,2025-10-27 07:23:00+08,1605,9.6600000000000000
r/webdesign,100,2025-09-28 21:22:45+08,2025-10-27 19:42:59+08,1811,21.3600000000000000
r/Accounting,100,2025-09-29 03:11:14+08,2025-10-28 03:52:32+08,9574,570.8500000000000000
r/yoga,100,2025-09-29 09:44:17+08,2025-10-28 04:41:28+08,5062,204.6200000000000000
r/leadership,99,2025-09-28 16:15:55+08,2025-10-28 03:56:57+08,2607,58.3232323232323232
r/impresa,97,2023-07-15 13:47:34+08,2025-11-07 22:26:20+08,869,5.4226804123711340
r/AmazonSellerSEO,96,2017-10-23 01:50:52+08,2023-09-01 21:03:29+08,34,1.4270833333333333
r/WalmartComplaints,96,2022-09-20 08:48:17+08,2025-11-04 04:26:17+08,210,2.0416666666666667
r/tiktokshopsaffiliates,96,2025-05-04 16:03:36+08,2025-11-10 03:05:32+08,605,4.3854166666666667
r/DropshippingST,95,2022-06-14 09:31:13+08,2025-07-23 19:22:41+08,178,4.2736842105263158
r/Resell,94,2025-09-28 23:31:18+08,2025-10-28 11:06:25+08,743,1.5638297872340426
r/Dropshipsupplier,93,2014-05-08 15:36:51+08,2020-05-12 17:39:44+08,137,2.3225806451612903
r/ShopeeLazadaTiktokPH,92,2023-10-16 20:33:14+08,2024-07-05 17:50:48+08,5,1.0434782608695652
r/churning,91,2025-09-28 17:00:34+08,2025-10-27 14:05:45+08,6283,14.9010989010989011
r/EtsyTeam,89,2015-08-01 08:15:41+08,2021-07-06 00:07:18+08,12,1.2247191011235955
r/walmartTales,87,2013-05-31 16:11:30+08,2020-03-04 04:35:32+08,366,11.4482758620689655
r/vuejs,86,2025-09-28 14:38:39+08,2025-10-28 02:28:30+08,982,18.4651162790697674
r/leanfire,84,2025-09-28 20:26:57+08,2025-10-28 02:51:06+08,3779,60.2976190476190476
r/shopeeItems,82,2025-08-30 18:18:00+08,2025-11-12 20:02:06+08,125,0.97560975609756097561
r/PrivateLabeling,81,2014-12-13 10:15:46+08,2019-08-04 01:14:53+08,231,2.6172839506172840
r/careerchange,81,2025-09-29 06:36:51+08,2025-10-26 16:06:17+08,492,8.1481481481481481
r/worldnews,80,2025-10-15 04:09:29+08,2025-11-11 23:39:15+08,79352,21236.787500000000
r/todayilearned,80,2025-10-13 21:11:03+08,2025-11-12 08:34:03+08,64628,24682.200000000000
r/pics,80,2025-10-13 19:49:34+08,2025-11-12 08:47:14+08,153036,61279.687500000000
r/movies,80,2025-10-14 01:01:21+08,2025-11-11 10:09:41+08,65717,6165.1000000000000000
r/memes,80,2025-10-14 00:00:32+08,2025-11-11 22:07:12+08,35556,28282.362500000000
r/Music,80,2025-10-14 04:11:54+08,2025-11-11 06:29:22+08,47552,12682.737500000000
r/AskReddit,80,2025-10-13 23:36:16+08,2025-11-12 00:43:39+08,352690,8485.3625000000000000
r/Showerthoughts,80,2025-10-14 01:16:40+08,2025-11-11 17:15:06+08,9948,2275.5250000000000000
r/science,80,2025-10-13 23:23:52+08,2025-11-12 03:59:18+08,31299,8723.9750000000000000
r/funny,80,2025-10-13 22:14:43+08,2025-11-12 04:40:28+08,34807,36713.487500000000
r/aww,80,2025-10-14 03:25:55+08,2025-11-12 08:59:18+08,20720,28224.475000000000
r/fatFIRE,79,2025-09-28 15:21:25+08,2025-10-28 12:19:16+08,6121,82.9746835443037975
r/venturecapital,78,2025-09-28 13:08:10+08,2025-11-12 04:57:22+08,1126,21.2307692307692308
r/ECommerceLatest,78,2020-03-12 06:49:36+08,2025-02-03 22:22:36+08,3,1.1153846153846154
r/deAmazon,77,2020-06-06 23:23:08+08,2024-10-30 19:26:06+08,243,11.5064935064935065
r/Database,76,2025-09-28 22:55:05+08,2025-10-27 00:46:56+08,1000,5.5131578947368421
r/handmadeamazon,75,2015-08-10 02:08:49+08,2021-06-24 06:23:09+08,283,2.9466666666666667
r/Walmart_Creatures,74,2015-03-10 07:33:57+08,2025-11-06 03:39:35+08,52,5.7297297297297297
r/mongodb,74,2025-09-28 13:13:39+08,2025-10-28 03:12:27+08,335,3.2837837837837838
r/PostgreSQL,74,2025-09-28 23:29:50+08,2025-10-28 00:54:06+08,572,8.5945945945945946
r/Aliexpress_Addicts,73,2019-10-13 19:31:02+08,2023-06-28 23:30:31+08,27,1.4383561643835616
r/netsec,72,2025-09-29 00:18:37+08,2025-10-27 18:57:53+08,280,41.6527777777777778
r/ShopifyDeals,69,2017-06-26 22:47:08+08,2024-01-19 00:43:28+08,10,1.0579710144927536
r/EtsyCollections,68,2016-11-12 09:19:28+08,2024-03-19 07:57:17+08,0,1.6470588235294118
r/AmazonFBASellerhelp,67,2024-08-28 22:02:34+08,2025-10-06 00:24:45+08,17,1.00000000000000000000
r/AllThingsAmazonFBA,66,2022-12-30 02:49:48+08,2025-10-06 03:23:50+08,78,1.3181818181818182
r/laravel,66,2025-09-29 01:00:49+08,2025-10-28 01:00:50+08,1118,25.3333333333333333
r/AmazonFBANinja,66,2018-09-25 21:31:30+08,2025-11-02 05:56:12+08,27,1.0454545454545455
r/VintageEtsy,65,2014-05-14 16:58:34+08,2020-05-20 01:22:18+08,196,2.0615384615384615
r/PassiveFBA,65,2024-01-09 08:04:03+08,2024-04-19 01:56:24+08,85,1.0307692307692308
r/beermoney,65,2025-09-29 03:03:44+08,2025-10-28 02:38:38+08,1116,23.0153846153846154
r/hacking,64,2025-09-28 16:49:48+08,2025-10-27 09:32:19+08,1698,155.1093750000000000
r/BigData,63,2025-09-28 15:12:57+08,2025-10-28 04:46:13+08,49,2.3650793650793651
r/DropshipMarketing,62,2020-12-17 17:54:48+08,2024-04-04 21:07:08+08,49,1.7258064516129032
r/Shopifynews,62,2017-05-05 16:09:11+08,2021-06-11 23:20:11+08,12,1.4193548387096774
r/typescript,62,2025-09-28 15:50:15+08,2025-10-28 02:18:58+08,1032,21.0806451612903226
r/AliexpressRUssia,61,2015-09-04 04:12:06+08,2020-10-08 20:48:20+08,11,0.98360655737704918033
r/Shopify_Success,61,2024-06-03 19:01:10+08,2025-07-11 06:36:49+08,92,2.4918032786885246
r/Aliexpress_tips,61,2019-07-07 17:22:20+08,2025-11-12 10:20:12+08,25,1.7540983606557377
r/FBABooks,60,2020-10-18 12:26:49+08,2025-10-18 03:11:28+08,266,2.1000000000000000
r/etsyjewelry,60,2016-04-29 10:40:54+08,2025-11-12 19:19:34+08,30,3.3333333333333333
r/datascience,60,2025-09-28 21:20:54+08,2025-10-28 04:07:06+08,1552,72.1166666666666667
r/webflow,59,2025-10-28 14:49:30+08,2025-11-04 10:16:59+08,233,4.3559322033898305
r/EtsyPrintfulSellers,59,2017-10-22 19:11:14+08,2025-11-12 22:43:27+08,39,1.2372881355932203
r/strombikes,56,2018-07-25 20:54:57+08,2023-04-17 18:45:33+08,92,1.7857142857142857
r/shopifystoreowners,53,2021-12-12 20:56:43+08,2024-02-18 13:29:16+08,176,1.5283018867924528
r/GoodValue,52,2025-09-28 20:56:32+08,2025-10-27 10:42:20+08,163,4.1346153846153846
r/AliexpressCheap,52,2016-03-16 16:44:12+08,2025-11-08 01:49:04+08,12,1.1346153846153846
r/LazadaVoucherCoupon,51,2020-03-23 04:05:41+08,2022-03-26 16:38:34+08,4,2.3725490196078431
r/WalmartDeals,51,2013-08-15 23:05:14+08,2025-11-11 03:00:39+08,18,2.0196078431372549
r/Wal_Mart,50,2016-02-07 04:15:40+08,2025-10-27 11:48:20+08,74,1.4400000000000000
r/WalmartSmiley,49,2024-11-07 11:41:26+08,2025-08-15 02:41:58+08,23,3.3673469387755102
r/fitness,49,2025-09-28 17:00:41+08,2025-10-27 14:51:42+08,4114,24.2040816326530612
r/SoBooster_Shopify,49,2021-04-05 13:10:37+08,2024-11-10 17:51:29+08,134,1.0816326530612245
r/dropshipping_on_ebay,48,2021-10-22 02:34:08+08,2022-07-24 23:53:36+08,14,1.1666666666666667
r/AmazonFinds,48,2021-08-21 22:20:30+08,2022-11-06 06:27:53+08,64,6.2916666666666667
r/softwaredevelopment,47,2025-09-30 06:55:30+08,2025-10-28 00:43:33+08,401,4.3404255319148936
r/DropshippingMaster,45,2020-06-26 15:58:58+08,2020-07-08 08:29:58+08,15,1.1111111111111111
r/AskNetsec,45,2025-09-28 23:24:38+08,2025-10-26 21:33:48+08,566,10.9111111111111111
r/WorkOnline,43,2025-09-29 02:17:42+08,2025-10-26 01:38:16+08,317,12.4883720930232558
r/printOnDemand,42,2025-09-30 09:52:01+08,2025-10-25 21:34:02+08,262,3.5476190476190476
r/Shopify_Advanced,42,2022-11-05 05:33:44+08,2025-06-02 18:27:55+08,39,1.5238095238095238
r/AmazonFBA_USA,41,2024-05-20 04:06:17+08,2025-09-11 12:29:28+08,8,1.3902439024390244
r/ShopifyUK,38,2019-03-27 22:43:23+08,2020-04-01 23:33:46+08,64,4.4210526315789474
r/mysql,37,2025-09-30 02:01:59+08,2025-10-27 23:20:21+08,350,4.7027027027027027
r/Canadian_FBA_Sellers,37,2018-03-02 23:12:33+08,2024-11-22 14:03:47+08,13,1.3783783783783784
r/B2Becommerce_Hub,37,2025-09-29 21:03:19+08,2025-11-06 17:10:31+08,90,3.3243243243243243
r/WalmartCustomers,36,2024-07-20 08:22:38+08,2025-11-12 13:04:10+08,140,2.9722222222222222
r/ShopifyPartners,36,2021-04-18 04:04:33+08,2025-11-06 20:10:59+08,45,1.8611111111111111
r/flask,36,2025-09-29 06:44:32+08,2025-10-28 06:09:42+08,235,6.8888888888888889
r/EtsySellerOnly,35,2021-12-13 19:09:15+08,2023-09-16 14:47:17+08,40,1.3428571428571429
r/aliexpress_finds,35,2024-07-15 01:23:38+08,2025-11-12 08:55:59+08,13,2.0857142857142857
r/TikTokShopAffiliates,35,2024-09-06 01:29:53+08,2025-11-09 00:39:57+08,26,1.9714285714285714
r/fbastrategy,34,2017-08-13 04:23:57+08,2024-05-31 22:35:03+08,5,1.1764705882352941
r/AutomateShopify,33,2025-09-16 08:25:39+08,2025-11-12 13:55:55+08,171,6.2727272727272727
r/EcommerceDACH,33,2025-02-12 00:59:02+08,2025-11-12 21:55:39+08,238,4.3939393939393939
r/AmazonSellerTipsUSA,33,2024-03-25 12:10:10+08,2025-02-08 15:30:51+08,27,2.8484848484848485
r/AskShopify,32,2024-08-03 22:09:29+08,2025-11-12 12:40:58+08,111,1.0937500000000000
r/shopifydevelopers,30,2021-07-09 05:22:38+08,2025-11-01 01:58:39+08,32,1.7000000000000000
r/truegaming,30,2025-09-29 03:32:48+08,2025-10-27 17:15:44+08,2438,262.2333333333333333
r/TikTokShopping,29,2021-11-13 20:31:28+08,2023-10-21 09:53:11+08,31,1.8620689655172414
r/shopifyappstore,27,2022-04-22 23:01:05+08,2023-11-28 13:34:32+08,28,2.3703703703703704
r/EtsyTurkiye,27,2025-01-06 07:23:39+08,2025-11-03 15:35:16+08,9,1.1111111111111111
r/philippinescoupon,26,2021-07-20 23:59:49+08,2025-09-14 22:40:42+08,15,2.1538461538461538
r/m2ecommerce,26,2024-12-27 06:10:49+08,2025-11-04 20:46:36+08,8,2.6538461538461538
r/AmazonReviewsGoneWild,26,2025-03-02 08:54:48+08,2025-11-08 22:20:12+08,14,19.7307692307692308
r/ShopeeFindsPH,24,2021-04-17 18:14:14+08,2022-09-08 22:12:38+08,47,2.6666666666666667
r/DropshippingHustle44,24,2024-05-13 14:22:28+08,2025-07-11 06:14:40+08,20,1.4166666666666667
r/Walmart_Resellers,23,2025-03-09 12:03:29+08,2025-10-18 10:14:08+08,11,1.2608695652173913
r/EcommerceMillionaire,23,2020-10-24 22:51:38+08,2020-10-26 04:06:32+08,31,1.2608695652173913
r/freelance,23,2025-09-30 09:13:51+08,2025-11-10 00:30:35+08,710,35.8260869565217391
r/VintageEtsySellers,23,2020-07-31 20:47:09+08,2023-10-03 06:01:46+08,47,3.2173913043478261
r/DropshippingProducts,22,2021-08-04 22:20:08+08,2021-09-15 20:24:08+08,7,1.0454545454545455
r/ShopifyHydrogen,21,2021-11-10 14:13:06+08,2025-03-27 17:12:02+08,34,1.7619047619047619
r/LazadaSellersGroup,21,2024-06-14 11:58:39+08,2025-10-16 02:25:58+08,17,1.0952380952380952
r/Dropshippingebay,20,2021-02-13 11:04:05+08,2025-10-28 16:57:53+08,9,1.00000000000000000000
r/WalmartAfterHours,20,2025-04-21 04:53:32+08,2025-09-22 07:45:42+08,47,3.7500000000000000
r/TikToksellerssupport,20,2024-03-18 16:51:35+08,2025-02-19 06:51:37+08,18,1.4000000000000000
r/ShopeePHCommunity,20,2024-12-12 23:09:32+08,2025-03-03 13:22:29+08,11,1.5500000000000000
r/OnlyAtWalmart,20,2018-05-25 02:53:51+08,2024-07-02 01:36:45+08,13,5.0500000000000000
r/redis,17,2025-10-01 06:16:32+08,2025-10-27 10:40:57+08,46,2.1176470588235294
r/ZenHabits,17,2025-09-29 18:50:57+08,2025-10-27 19:52:40+08,124,19.9411764705882353
r/juststart,9,2025-10-01 23:12:12+08,2025-10-25 21:15:46+08,133,11.8888888888888889
r/AliExpressCode,5,2025-10-28 16:24:35+08,2025-11-04 10:49:19+08,12,12.2000000000000000
r/ShopifyAttribution,4,2025-11-04 13:18:18+08,2025-11-12 20:24:31+08,1,3.2500000000000000
r/SoftwareEngineering,4,2025-10-07 16:08:11+08,2025-10-19 16:29:01+08,54,5.2500000000000000
r/Shopify_USA,3,2025-10-30 19:30:54+08,2025-10-31 19:54:02+08,0,1.00000000000000000000
r/aliexpressfinds,3,2025-10-29 15:31:51+08,2025-11-01 16:01:15+08,3,4.6666666666666667
r/aliexpresscouponcodes,3,2025-10-29 08:59:35+08,2025-11-04 10:14:16+08,7,3.6666666666666667
r/NextInsurance,2,2025-10-30 04:12:24+08,2025-10-30 05:26:19+08,10,16.5000000000000000
r/organization,2,2025-10-05 16:01:37+08,2025-10-23 03:51:19+08,40,42.5000000000000000
r/AliexpressCoins,2,2025-11-01 23:54:20+08,2025-11-02 00:05:26+08,0,1.5000000000000000
r/RealEstate,1,2025-10-23 01:33:42+08,2025-10-23 01:33:42+08,60,38.0000000000000000
r/Shopify_India,1,2025-10-30 19:21:11+08,2025-10-30 19:21:11+08,0,1.00000000000000000000
r/Dropshipping_com,1,2025-10-29 04:23:57+08,2025-10-29 04:23:57+08,1,1.00000000000000000000
