subreddit,post_count,earliest_post,latest_post,total_comments_count,avg_score,dimensions,relevance_score
r/AmazonWFShoppers,1302,2020-05-01 01:30:17+08,2025-05-18 12:00:35+08,18244,27.35099846390169,['where_to_sell'],1
r/EtsySellers,1265,2020-05-29 05:48:19+08,2025-11-13 11:20:46+08,37028,107.11067193675888,['where_to_sell'],1
r/FacebookAds,1257,2021-02-22 10:54:55+08,2025-11-13 02:44:11+08,27800,27.78042959427208,['how_to_sell'],1
r/Aliexpress,1255,2019-02-26 01:18:02+08,2025-11-13 04:27:30+08,34059,167.8414342629482,['where_to_sell'],1
r/AmazonFlexDrivers,1254,2018-10-28 08:36:41+08,2025-11-13 05:03:21+08,91902,229.65390749601275,['where_to_sell'],1
r/bigseo,1252,2013-05-14 19:43:01+08,2025-11-13 01:52:34+08,20473,14.763578274760384,['how_to_sell'],1
r/dropshipping,1251,2021-01-07 03:53:24+08,2025-11-13 12:22:24+08,32069,45.91207034372503,['how_to_source'],1
r/amazonecho,1249,2016-04-18 05:45:55+08,2025-11-13 06:29:11+08,25474,78.4691753402722,['where_to_sell'],1
r/Legomarket,1248,2019-03-24 07:12:07+08,2025-11-13 09:47:29+08,10140,11.580929487179487,['what_to_sell'],1
r/FulfillmentByAmazon,1243,2014-10-23 13:15:10+08,2025-11-13 11:53:45+08,23629,27.263073209975865,"['where_to_sell', 'how_to_source']",2
r/dropship,1243,2017-06-22 01:43:37+08,2025-11-13 02:41:14+08,30636,41.07079646017699,['how_to_source'],1
r/amazonprime,1240,2020-10-20 15:19:18+08,2025-11-13 04:23:39+08,95049,396.33951612903223,['where_to_sell'],1
r/FASCAmazon,1240,2019-07-07 01:21:57+08,2025-11-13 05:16:19+08,30021,72.38548387096775,['where_to_sell'],1
r/peopleofwalmart,1239,2019-03-25 08:45:01+08,2025-11-12 03:54:33+08,99839,1676.1702986279256,['where_to_sell'],1
r/AliExpressBR,1236,2024-05-08 09:46:03+08,2025-11-13 07:35:57+08,40034,80.79449838187702,['where_to_sell'],1
r/Etsy,1234,2018-07-31 21:55:55+08,2025-11-13 03:53:11+08,33694,111.9837925445705,['where_to_sell'],1
r/stickerstore,1225,2019-02-11 01:55:16+08,2025-11-12 11:38:08+08,1991,14.117551020408165,['where_to_sell'],1
r/digital_marketing,1222,2017-01-26 10:33:31+08,2025-11-12 23:30:42+08,19868,21.42062193126023,"['what_to_sell', 'how_to_sell']",2
r/amazon,1218,2015-07-15 16:10:56+08,2025-11-13 04:00:04+08,25166,57.11412151067323,['where_to_sell'],1
r/AmazonMerch,1218,2017-07-08 00:48:48+08,2025-11-13 09:21:22+08,16534,9.439244663382594,['where_to_sell'],1
r/Amazon_Influencer,1209,2022-12-20 02:41:46+08,2025-11-13 02:07:09+08,13689,5.846153846153847,"['how_to_sell', 'where_to_sell']",2
r/logistics,1208,2016-05-18 00:20:07+08,2025-11-13 11:18:44+08,15593,14.910596026490065,['how_to_source'],1
r/AmazonSeller,1202,2016-01-13 08:19:40+08,2025-11-12 22:28:27+08,13591,6.768718801996672,['where_to_sell'],1
r/TikTokshop,1200,2023-08-03 14:48:19+08,2025-11-13 01:41:31+08,13723,3.875833333333333,"['how_to_sell', 'where_to_sell']",2
r/BestAliExpressFinds,1196,2015-08-18 03:23:49+08,2025-11-11 23:12:43+08,1807,13.244147157190636,"['what_to_sell', 'where_to_sell']",2
r/TechSEO,1195,2018-01-19 03:57:14+08,2025-11-13 02:19:55+08,13007,8.024267782426778,['how_to_sell'],1
r/AmazonFBA,1188,2016-09-06 12:51:55+08,2025-11-12 22:52:28+08,18323,13.835016835016836,['where_to_sell'],1
r/AmazonFBAOnlineRetail,1185,2018-04-08 14:03:22+08,2025-11-12 16:08:23+08,6360,4.044725738396624,['where_to_sell'],1
r/News_Walmart,1184,2020-11-02 19:06:20+08,2022-11-28 16:24:23+08,411,1.1224662162162162,['where_to_sell'],1
r/printondemand,1165,2020-04-07 23:16:23+08,2025-11-13 02:10:53+08,11620,8.308154506437768,['what_to_sell'],1
r/walmart_RX,1163,2019-08-17 04:02:35+08,2025-11-13 03:52:04+08,15638,12.031814273430783,['where_to_sell'],1
r/amazonemployees,1158,2021-06-28 03:33:12+08,2025-11-13 05:12:36+08,33300,69.62435233160622,['where_to_sell'],1
r/WalmartSellers,1132,2018-06-07 04:13:56+08,2025-11-12 23:36:32+08,12191,4.06713780918728,['where_to_sell'],1
r/WalmartCanada,1126,2019-05-23 08:00:18+08,2025-11-13 06:59:07+08,13058,10.826820603907636,['where_to_sell'],1
r/ecommercemarketing,1113,2019-06-26 21:15:36+08,2025-11-12 18:06:28+08,4045,3.317160826594789,"['what_to_sell', 'how_to_sell']",2
r/Dropshipping_Guide,1112,2020-05-06 04:55:35+08,2025-11-12 23:01:22+08,7975,5.623201438848921,['how_to_source'],1
r/AmazonFBATips,1112,2019-02-19 17:58:04+08,2025-11-12 22:45:50+08,9888,5.323741007194244,['where_to_sell'],1
r/SpellcasterReviews,1101,2023-01-09 19:36:51+08,2025-11-13 08:25:49+08,17327,8.089009990917349,['how_to_sell'],1
r/AmazonWTF,1093,2015-04-12 02:52:43+08,2025-11-13 03:33:03+08,15317,164.43549862763035,['where_to_sell'],1
r/ShopifyeCommerce,1088,2017-02-14 03:45:27+08,2025-11-13 05:54:51+08,7451,4.209558823529412,['where_to_sell'],1
r/shopifyDev,1074,2020-05-01 03:01:37+08,2025-11-13 00:55:44+08,6173,3.902234636871509,['where_to_sell'],1
r/MerchByAmazon,1072,2017-08-20 04:04:18+08,2025-11-13 06:19:50+08,6877,3.542910447761194,['where_to_sell'],1
r/DropshippingTips,1058,2019-10-03 16:11:05+08,2025-11-13 07:55:24+08,2862,2.01890359168242,['how_to_source'],1
r/amazonfresh,1058,2020-01-13 09:18:47+08,2025-11-13 01:14:33+08,9139,5.896975425330813,['where_to_sell'],1
r/AntiAmazon,1005,2020-07-16 00:03:59+08,2025-09-13 05:17:54+08,3006,60.83980099502488,['where_to_sell'],1
r/AmazonAnswers,1004,2018-10-23 09:14:14+08,2025-11-12 01:30:36+08,5109,160.2410358565737,['where_to_sell'],1
r/fuckamazon,1004,2020-07-24 10:24:33+08,2025-11-13 01:42:19+08,7264,68.51593625498008,['where_to_sell'],1
r/ShopifyAppDev,1004,2017-12-18 05:11:11+08,2025-11-13 06:51:17+08,3583,3.2340637450199203,['where_to_sell'],1
r/RandomActsofEtsy,975,2023-10-07 05:35:04+08,2025-11-13 02:56:15+08,8207,6.354871794871794,['where_to_sell'],1
r/EtsyAdvertise,966,2021-03-05 11:19:58+08,2023-09-19 01:20:59+08,649,2.4109730848861286,['where_to_sell'],1
r/ShopifySEO,880,2019-03-27 12:29:21+08,2025-11-12 21:45:57+08,3488,2.603409090909091,"['how_to_sell', 'where_to_sell']",2
r/TikTokShopSellersClub,814,2023-10-25 13:14:36+08,2025-11-13 08:38:29+08,2364,1.6388206388206388,"['how_to_sell', 'where_to_sell']",2
r/AmazonUnder5,737,2013-04-05 05:31:59+08,2025-10-18 02:00:38+08,1747,15.457259158751697,['where_to_sell'],1
r/walmartpeople,726,2013-03-25 10:05:51+08,2023-02-26 13:36:27+08,5984,63.49724517906336,['where_to_sell'],1
r/amazonsellers,710,2016-10-05 16:54:33+08,2024-04-23 22:56:16+08,1708,2.1070422535211266,['where_to_sell'],1
r/Shopify,702,2018-11-17 00:44:29+08,2025-11-13 11:25:19+08,8613,10.68091168091168,['where_to_sell'],1
r/eCommerceSEO,680,2016-08-18 19:25:48+08,2025-11-12 18:14:41+08,989,1.976470588235294,['how_to_sell'],1
r/AmazonArgentina,656,2019-07-17 21:03:47+08,2025-11-13 03:06:14+08,9380,9.254573170731708,['where_to_sell'],1
r/AmazonPrimeDeals,656,2013-02-26 01:52:46+08,2025-11-12 07:59:35+08,147,1.5990853658536583,['where_to_sell'],1
r/SellingOnAmazonFBA,646,2021-09-15 19:43:55+08,2025-11-08 23:02:31+08,566,1.9241486068111453,['where_to_sell'],1
r/EtsyTrafficJamTeam,636,2025-08-13 06:52:10+08,2025-10-23 01:03:07+08,2219,1.8128930817610065,['where_to_sell'],1
r/Amazonsellercentral,610,2018-08-21 01:47:32+08,2025-11-13 01:18:01+08,1258,1.6032786885245902,['where_to_sell'],1
r/shopify,533,2018-11-29 00:26:15+08,2025-11-13 12:16:20+08,20921,52.93058161350844,['where_to_sell'],1
r/AmazonWarehouse,449,2020-07-04 16:59:18+08,2025-11-11 08:03:07+08,1351,2.2383073496659245,['where_to_sell'],1
r/eCommerceFulfillment,376,2015-12-09 16:02:39+08,2020-08-30 14:10:31+08,16,1.0026595744680853,['how_to_source'],1
r/BestBuyAliexpress,329,2023-02-07 02:35:14+08,2025-11-04 11:14:18+08,409,4.11854103343465,['where_to_sell'],1
r/DropshippingBiz,272,2020-02-19 23:35:22+08,2024-06-23 01:16:35+08,589,1.7941176470588236,['how_to_source'],1
r/AmazonFlex,260,2015-11-24 23:21:41+08,2020-04-20 19:31:54+08,1420,3.5538461538461537,['where_to_sell'],1
r/etsylistings,243,2022-03-18 09:22:01+08,2023-05-03 22:05:42+08,62,1.345679012345679,['where_to_sell'],1
r/Shopify_Users,239,2021-06-02 19:40:49+08,2025-10-06 21:32:52+08,321,2.288702928870293,['where_to_sell'],1
r/EtsyHelp,235,2016-04-26 12:17:56+08,2025-11-05 08:07:53+08,402,1.4851063829787234,['where_to_sell'],1
r/SEO_Marketing_Offers,232,2022-12-06 16:23:50+08,2025-11-12 23:19:02+08,1323,5.698275862068965,"['what_to_sell', 'how_to_sell']",2
r/WalmartAssociates,217,2016-05-30 10:47:28+08,2025-11-07 05:12:37+08,598,2.5990783410138247,['where_to_sell'],1
r/ShopifyDevelopment,216,2023-06-22 12:14:08+08,2025-11-08 10:55:34+08,211,1.351851851851852,['where_to_sell'],1
r/wtf_amazon,213,2015-06-28 02:16:11+08,2020-04-22 04:42:14+08,575,17.380281690140844,['where_to_sell'],1
r/tiktok_shop_sellers,209,2024-01-13 11:53:07+08,2025-11-07 22:53:20+08,745,1.6267942583732056,"['how_to_sell', 'where_to_sell']",2
r/aliexpressreviews,209,2018-04-27 23:53:39+08,2025-11-06 07:56:07+08,281,6.124401913875598,"['how_to_sell', 'where_to_sell']",2
r/EtsyStrike,204,2022-02-25 07:40:02+08,2024-11-12 07:00:11+08,1466,20.151960784313722,['where_to_sell'],1
r/PrivateLabelSellers,196,2024-02-23 19:25:54+08,2025-11-11 08:33:31+08,1890,3.459183673469388,['where_to_sell'],1
r/FBAsourcing,195,2018-05-28 00:28:35+08,2025-11-10 12:36:03+08,312,2.543589743589744,['how_to_source'],1
r/ShopifyWebsites,189,2020-07-22 00:54:08+08,2025-11-13 05:34:58+08,766,3.888888888888889,['where_to_sell'],1
r/AmazonFBAforNewbies,187,2023-01-25 15:59:38+08,2025-11-13 01:40:31+08,418,1.641711229946524,['where_to_sell'],1
r/AchadinhosDaShopeeBR,184,2024-11-28 05:02:53+08,2025-11-12 01:12:33+08,19,2.0108695652173916,['where_to_sell'],1
r/DropshippingNinja,178,2018-09-30 09:27:36+08,2019-12-20 08:12:23+08,114,1.2921348314606742,['how_to_source'],1
r/SuppliersInUSA,176,2024-05-03 14:52:40+08,2025-11-12 20:39:36+08,290,1.6363636363636365,['how_to_source'],1
r/marketing,171,2025-09-28 16:38:44+08,2025-11-12 10:46:57+08,5350,36.72514619883041,"['what_to_sell', 'how_to_sell']",2
r/AngelnmitAliexpress,170,2024-09-26 14:11:58+08,2025-11-08 14:22:31+08,358,2.1941176470588237,['where_to_sell'],1
r/lazadareviews,168,2019-03-27 13:11:47+08,2025-11-11 10:36:20+08,268,2.3452380952380953,['how_to_sell'],1
r/AmazonKDP,143,2015-03-07 09:12:32+08,2020-04-12 14:38:08+08,380,3.13986013986014,['where_to_sell'],1
r/etsycirclejerk,129,2023-08-30 05:24:38+08,2025-10-20 08:33:45+08,3543,250.17054263565888,['where_to_sell'],1
r/AnywhereButAmazon,126,2020-08-25 11:42:10+08,2024-07-02 03:18:41+08,855,55.73809523809524,['where_to_sell'],1
r/LazShop_PH,122,2025-08-13 09:40:16+08,2025-11-12 21:58:35+08,122,2.065573770491804,['where_to_sell'],1
r/TikTokShopSellers,118,2023-10-27 14:38:53+08,2025-11-12 21:41:36+08,193,1.466101694915254,"['how_to_sell', 'where_to_sell']",2
r/WalmartHealth,116,2020-07-06 06:08:26+08,2024-06-07 08:24:08+08,7,1.146551724137931,['where_to_sell'],1
r/EtsyUK,113,2020-05-28 22:27:39+08,2025-11-10 01:53:38+08,401,2.2035398230088497,['where_to_sell'],1
r/DropshippingService,112,2022-05-26 06:55:14+08,2024-11-06 20:15:32+08,394,2.1517857142857144,['how_to_source'],1
r/SEO,100,2025-09-28 21:21:15+08,2025-10-27 11:45:54+08,4586,27.13,['how_to_sell'],1
r/tiktokshopsaffiliates,96,2025-05-04 16:03:36+08,2025-11-10 03:05:32+08,605,4.385416666666666,"['how_to_sell', 'where_to_sell']",2
r/WalmartComplaints,96,2022-09-20 08:48:17+08,2025-11-04 04:26:17+08,210,2.041666666666667,['where_to_sell'],1
r/DropshippingST,95,2022-06-14 09:31:13+08,2025-07-23 19:22:41+08,178,4.273684210526316,['how_to_source'],1
r/Dropshipsupplier,93,2014-05-08 15:36:51+08,2020-05-12 17:39:44+08,137,2.3225806451612905,['how_to_source'],1
r/ShopeeLazadaTiktokPH,92,2023-10-16 20:33:14+08,2024-07-05 17:50:48+08,5,1.0434782608695652,"['how_to_sell', 'where_to_sell']",2
r/EtsyTeam,89,2015-08-01 08:15:41+08,2021-07-06 00:07:18+08,12,1.2247191011235956,['where_to_sell'],1
r/walmartTales,87,2013-05-31 16:11:30+08,2020-03-04 04:35:32+08,366,11.448275862068964,['where_to_sell'],1
r/shopeeItems,82,2025-08-30 18:18:00+08,2025-11-12 20:02:06+08,125,0.9756097560975608,['where_to_sell'],1
r/deAmazon,77,2020-06-06 23:23:08+08,2024-10-30 19:26:06+08,243,11.506493506493506,['where_to_sell'],1
r/Walmart_Creatures,74,2015-03-10 07:33:57+08,2025-11-06 03:39:35+08,52,5.72972972972973,['where_to_sell'],1
r/Aliexpress_Addicts,73,2019-10-13 19:31:02+08,2023-06-28 23:30:31+08,27,1.4383561643835616,['where_to_sell'],1
r/ShopifyDeals,69,2017-06-26 22:47:08+08,2024-01-19 00:43:28+08,10,1.0579710144927537,['where_to_sell'],1
r/EtsyCollections,68,2016-11-12 09:19:28+08,2024-03-19 07:57:17+08,0,1.647058823529412,['where_to_sell'],1
r/AmazonFBASellerhelp,67,2024-08-28 22:02:34+08,2025-10-06 00:24:45+08,17,1.0,['where_to_sell'],1
r/AmazonFBANinja,66,2018-09-25 21:31:30+08,2025-11-02 05:56:12+08,27,1.0454545454545456,['where_to_sell'],1
r/AllThingsAmazonFBA,66,2022-12-30 02:49:48+08,2025-10-06 03:23:50+08,78,1.3181818181818181,['where_to_sell'],1
r/VintageEtsy,65,2014-05-14 16:58:34+08,2020-05-20 01:22:18+08,196,2.0615384615384613,['where_to_sell'],1
r/Shopifynews,62,2017-05-05 16:09:11+08,2021-06-11 23:20:11+08,12,1.4193548387096775,['where_to_sell'],1
r/DropshipMarketing,62,2020-12-17 17:54:48+08,2024-04-04 21:07:08+08,49,1.7258064516129032,"['what_to_sell', 'how_to_sell', 'how_to_source']",3
r/AliexpressRUssia,61,2015-09-04 04:12:06+08,2020-10-08 20:48:20+08,11,0.9836065573770492,['where_to_sell'],1
r/Shopify_Success,61,2024-06-03 19:01:10+08,2025-07-11 06:36:49+08,92,2.4918032786885247,['where_to_sell'],1
r/Aliexpress_tips,61,2019-07-07 17:22:20+08,2025-11-12 10:20:12+08,25,1.7540983606557377,['where_to_sell'],1
r/etsyjewelry,60,2016-04-29 10:40:54+08,2025-11-12 19:19:34+08,30,3.333333333333333,['where_to_sell'],1
r/EtsyPrintfulSellers,59,2017-10-22 19:11:14+08,2025-11-12 22:43:27+08,39,1.2372881355932204,['where_to_sell'],1
r/shopifystoreowners,53,2021-12-12 20:56:43+08,2024-02-18 13:29:16+08,176,1.5283018867924527,['where_to_sell'],1
r/AliexpressCheap,52,2016-03-16 16:44:12+08,2025-11-08 01:49:04+08,12,1.1346153846153846,['where_to_sell'],1
r/WalmartDeals,51,2013-08-15 23:05:14+08,2025-11-11 03:00:39+08,18,2.019607843137255,['where_to_sell'],1
r/WalmartSmiley,49,2024-11-07 11:41:26+08,2025-08-15 02:41:58+08,23,3.3673469387755106,['where_to_sell'],1
r/SoBooster_Shopify,49,2021-04-05 13:10:37+08,2024-11-10 17:51:29+08,134,1.0816326530612244,['where_to_sell'],1
r/dropshipping_on_ebay,48,2021-10-22 02:34:08+08,2022-07-24 23:53:36+08,14,1.1666666666666667,"['where_to_sell', 'how_to_source']",2
r/AmazonFinds,48,2021-08-21 22:20:30+08,2022-11-06 06:27:53+08,64,6.291666666666666,"['what_to_sell', 'where_to_sell']",2
r/DropshippingMaster,45,2020-06-26 15:58:58+08,2020-07-08 08:29:58+08,15,1.1111111111111112,['how_to_source'],1
r/Shopify_Advanced,42,2022-11-05 05:33:44+08,2025-06-02 18:27:55+08,39,1.5238095238095237,['where_to_sell'],1
r/printOnDemand,42,2025-09-30 09:52:01+08,2025-10-25 21:34:02+08,262,3.547619047619048,['what_to_sell'],1
r/AmazonFBA_USA,41,2024-05-20 04:06:17+08,2025-09-11 12:29:28+08,8,1.3902439024390243,['where_to_sell'],1
r/ShopifyUK,38,2019-03-27 22:43:23+08,2020-04-01 23:33:46+08,64,4.421052631578947,['where_to_sell'],1
r/Canadian_FBA_Sellers,37,2018-03-02 23:12:33+08,2024-11-22 14:03:47+08,13,1.3783783783783785,['where_to_sell'],1
r/B2Becommerce_Hub,37,2025-09-29 21:03:19+08,2025-11-06 17:10:31+08,90,3.3243243243243246,['where_to_sell'],1
r/WalmartCustomers,36,2024-07-20 08:22:38+08,2025-11-12 13:04:10+08,140,2.9722222222222223,"['how_to_sell', 'where_to_sell']",2
r/ShopifyPartners,36,2021-04-18 04:04:33+08,2025-11-06 20:10:59+08,45,1.8611111111111112,['where_to_sell'],1
r/aliexpress_finds,35,2024-07-15 01:23:38+08,2025-11-12 08:55:59+08,13,2.0857142857142854,"['what_to_sell', 'where_to_sell']",2
r/EtsySellerOnly,35,2021-12-13 19:09:15+08,2023-09-16 14:47:17+08,40,1.3428571428571427,['where_to_sell'],1
r/TikTokShopAffiliates,35,2024-09-06 01:29:53+08,2025-11-09 00:39:57+08,26,1.9714285714285715,"['how_to_sell', 'where_to_sell']",2
r/AmazonSellerTipsUSA,33,2024-03-25 12:10:10+08,2025-02-08 15:30:51+08,27,2.8484848484848486,['where_to_sell'],1
r/AutomateShopify,33,2025-09-16 08:25:39+08,2025-11-12 13:55:55+08,171,6.2727272727272725,['where_to_sell'],1
r/AskShopify,32,2024-08-03 22:09:29+08,2025-11-12 12:40:58+08,111,1.09375,['where_to_sell'],1
r/TikTokShopping,29,2021-11-13 20:31:28+08,2023-10-21 09:53:11+08,31,1.862068965517241,"['how_to_sell', 'where_to_sell']",2
r/shopifyappstore,27,2022-04-22 23:01:05+08,2023-11-28 13:34:32+08,28,2.3703703703703702,['where_to_sell'],1
r/EtsyTurkiye,27,2025-01-06 07:23:39+08,2025-11-03 15:35:16+08,9,1.1111111111111112,['where_to_sell'],1
r/DropshippingHustle44,24,2024-05-13 14:22:28+08,2025-07-11 06:14:40+08,20,1.4166666666666667,['how_to_source'],1
r/ShopeeFindsPH,24,2021-04-17 18:14:14+08,2022-09-08 22:12:38+08,47,2.666666666666667,"['what_to_sell', 'where_to_sell']",2
r/Walmart_Resellers,23,2025-03-09 12:03:29+08,2025-10-18 10:14:08+08,11,1.2608695652173911,['where_to_sell'],1
r/VintageEtsySellers,23,2020-07-31 20:47:09+08,2023-10-03 06:01:46+08,47,3.217391304347826,['where_to_sell'],1
r/DropshippingProducts,22,2021-08-04 22:20:08+08,2021-09-15 20:24:08+08,7,1.0454545454545456,"['what_to_sell', 'how_to_source']",2
r/LazadaSellersGroup,21,2024-06-14 11:58:39+08,2025-10-16 02:25:58+08,17,1.0952380952380951,['where_to_sell'],1
r/ShopifyHydrogen,21,2021-11-10 14:13:06+08,2025-03-27 17:12:02+08,34,1.761904761904762,['where_to_sell'],1
r/Dropshippingebay,20,2021-02-13 11:04:05+08,2025-10-28 16:57:53+08,9,1.0,"['where_to_sell', 'how_to_source']",2
r/ShopeePHCommunity,20,2024-12-12 23:09:32+08,2025-03-03 13:22:29+08,11,1.55,['where_to_sell'],1
r/WalmartAfterHours,20,2025-04-21 04:53:32+08,2025-09-22 07:45:42+08,47,3.75,['where_to_sell'],1
r/TikToksellerssupport,20,2024-03-18 16:51:35+08,2025-02-19 06:51:37+08,18,1.4,"['how_to_sell', 'where_to_sell']",2
r/AliExpressCode,5,2025-10-28 16:24:35+08,2025-11-04 10:49:19+08,12,12.2,['where_to_sell'],1
r/ShopifyAttribution,4,2025-11-04 13:18:18+08,2025-11-12 20:24:31+08,1,3.25,['where_to_sell'],1
r/aliexpresscouponcodes,3,2025-10-29 08:59:35+08,2025-11-04 10:14:16+08,7,3.6666666666666665,['where_to_sell'],1
r/aliexpressfinds,3,2025-10-29 15:31:51+08,2025-11-01 16:01:15+08,3,4.666666666666666,"['what_to_sell', 'where_to_sell']",2
r/Shopify_USA,3,2025-10-30 19:30:54+08,2025-10-31 19:54:02+08,0,1.0,['where_to_sell'],1
r/AliexpressCoins,2,2025-11-01 23:54:20+08,2025-11-02 00:05:26+08,0,1.5,['where_to_sell'],1
r/Dropshipping_com,1,2025-10-29 04:23:57+08,2025-10-29 04:23:57+08,1,1.0,['how_to_source'],1
r/Shopify_India,1,2025-10-30 19:21:11+08,2025-10-30 19:21:11+08,0,1.0,['where_to_sell'],1
