社区名称,总帖子数,活跃天数,最早帖子时间,最新帖子时间,平均分数,中位数分数,平均评论数,中位数评论数,高分帖子数(≥100),高评论帖子数(≥50),高质量帖子数,最近12个月帖子数,最近30天帖子数,高质量率(%),近期活跃度(%),是否活跃
说明：这34个社区提供语义多样性，建议保留但降低抓取频率
抓取策略：抓取最近12个月数据，每2小时增量更新

r/AmazonWarehouse,449,387,2020-07-04 08:59:18+00:00,2025-11-11 00:03:07+00:00,2,2,3,2,0,0,0,34,7,0.00,1.56,True
r/eCommerceFulfillment,376,165,2015-12-09 08:02:39+00:00,2020-08-30 06:10:31+00:00,1,1,0,0,0,0,0,0,0,0.00,0.00,True
r/BestBuyAliexpress,329,279,2023-02-06 18:35:14+00:00,2025-11-04 03:14:18+00:00,4,3,1,1,0,0,0,41,4,0.00,1.22,True
r/DropshippingBiz,272,201,2020-02-19 15:35:22+00:00,2024-06-22 17:16:35+00:00,2,1,2,1,0,0,0,0,0,0.00,0.00,True
r/AmazonFlex,260,234,2015-11-24 15:21:41+00:00,2020-04-20 11:31:54+00:00,4,2,5,4,0,2,0,0,0,0.00,0.00,True
r/etsylistings,243,144,2022-03-18 01:22:01+00:00,2023-05-03 14:05:42+00:00,1,1,0,0,0,0,0,0,0,0.00,0.00,True
r/Shopify_Users,239,196,2021-06-02 11:40:49+00:00,2025-10-06 13:32:52+00:00,2,2,1,0,0,0,0,60,0,0.00,0.00,True
r/EtsyHelp,235,216,2016-04-26 04:17:56+00:00,2025-11-05 00:07:53+00:00,1,1,2,1,0,0,0,48,6,0.00,2.55,True
r/SEO_Marketing_Offers,232,125,2022-12-06 08:23:50+00:00,2025-11-12 15:19:02+00:00,6,2,6,1,0,3,0,190,90,0.00,38.79,True
r/WalmartAssociates,217,184,2016-05-30 02:47:28+00:00,2025-11-06 21:12:37+00:00,3,1,3,2,0,0,0,58,7,0.00,3.23,True
r/ShopifyDevelopment,216,189,2023-06-22 04:14:08+00:00,2025-11-08 02:55:34+00:00,1,1,1,0,0,0,0,122,15,0.00,6.94,True
r/wtf_amazon,213,157,2015-06-27 18:16:11+00:00,2020-04-21 20:42:14+00:00,17,11,3,2,3,0,0,0,0,0.00,0.00,True
r/tiktok_shop_sellers,209,172,2024-01-13 03:53:07+00:00,2025-11-07 14:53:20+00:00,2,1,4,2,0,0,0,99,8,0.00,3.83,True
r/aliexpressreviews,209,102,2018-04-27 15:53:39+00:00,2025-11-05 23:56:07+00:00,6,5,1,0,0,0,0,21,2,0.00,0.96,True
r/EtsyStrike,204,91,2022-02-24 23:40:02+00:00,2024-11-11 23:00:11+00:00,20,16,7,4,1,0,0,0,0,0.00,0.00,True
r/SEO,200,126,2015-01-15 04:48:23+00:00,2025-10-27 03:45:54+00:00,158,155,86,60,101,118,85,124,39,42.50,19.50,True
r/PrivateLabelSellers,196,153,2024-02-23 11:25:54+00:00,2025-11-11 00:33:31+00:00,3,3,10,5,0,4,0,67,9,0.00,4.59,True
r/FBAsourcing,195,170,2018-05-27 16:28:35+00:00,2025-11-10 04:36:03+00:00,3,2,2,1,0,0,0,37,5,0.00,2.56,True
r/ShopifyWebsites,189,83,2020-07-21 16:54:08+00:00,2025-11-12 21:34:58+00:00,4,3,4,2,0,1,0,167,58,0.00,30.69,True
r/AmazonFBAforNewbies,187,169,2023-01-25 07:59:38+00:00,2025-11-12 17:40:31+00:00,2,1,2,0,0,0,0,40,8,0.00,4.28,True
r/AchadinhosDaShopeeBR,184,108,2024-11-27 21:02:53+00:00,2025-11-11 17:12:33+00:00,2,1,0,0,0,0,0,184,2,0.00,1.09,True
r/DropshippingNinja,178,31,2018-09-30 01:27:36+00:00,2019-12-20 00:12:23+00:00,1,1,1,0,0,0,0,0,0,0.00,0.00,True
r/SuppliersInUSA,176,147,2024-05-03 06:52:40+00:00,2025-11-12 12:39:36+00:00,2,1,2,0,0,0,0,101,11,0.00,6.25,True
r/marketing,171,37,2025-09-28 08:38:44+00:00,2025-11-12 02:46:57+00:00,37,11,31,21,12,29,9,171,114,5.26,66.67,True
r/AngelnmitAliexpress,170,114,2024-09-26 06:11:58+00:00,2025-11-08 06:22:31+00:00,2,2,2,1,0,0,0,113,2,0.00,1.18,True
r/lazadareviews,168,156,2019-03-27 05:11:47+00:00,2025-11-11 02:36:20+00:00,2,1,2,1,0,0,0,59,6,0.00,3.57,True
r/AmazonKDP,143,132,2015-03-07 01:12:32+00:00,2020-04-12 06:38:08+00:00,3,2,3,1,0,0,0,0,0,0.00,0.00,True
r/etsycirclejerk,129,95,2023-08-29 21:24:38+00:00,2025-10-20 00:33:45+00:00,250,137,27,15,74,21,21,19,1,16.28,0.78,True
r/AnywhereButAmazon,126,102,2020-08-25 03:42:10+00:00,2024-07-01 19:18:41+00:00,56,33,7,3,15,2,1,0,0,0.79,0.00,True
r/LazShop_PH,122,52,2025-08-13 01:40:16+00:00,2025-11-12 13:58:35+00:00,2,2,1,1,0,0,0,122,41,0.00,33.61,True
r/TikTokShopSellers,121,101,2023-10-27 06:38:53+00:00,2025-11-14 02:03:55+00:00,1,1,2,1,0,0,0,92,20,0.00,16.53,True
r/WalmartHealth,116,88,2020-07-05 22:08:26+00:00,2024-06-07 00:24:08+00:00,1,1,0,0,0,0,0,0,0,0.00,0.00,True
r/EtsyUK,113,109,2020-05-28 14:27:39+00:00,2025-11-09 17:53:38+00:00,2,1,4,2,0,0,0,56,10,0.00,8.85,True
r/DropshippingService,112,100,2022-05-25 22:55:14+00:00,2024-11-06 12:15:32+00:00,2,2,4,3,0,0,0,0,0,0.00,0.00,True
