date,cache_hit_rate,valid_posts_24h,total_communities,duplicate_rate,precision_at_50,avg_score
2025-11-06,0.6901,198,200,0.1604,0.6359,0.5748
2025-11-07,0.7157,195,200,0.1712,0.6314,0.5986
2025-11-08,0.7011,192,200,0.1671,0.6481,0.5573
2025-11-09,0.7682,189,200,0.1869,0.6513,0.5701
2025-11-10,0.7343,186,200,0.1806,0.648,0.5896
2025-11-11,0.7538,183,200,0.1871,0.6591,0.582
2025-11-12,0.7056,180,200,0.1988,0.6591,0.6039
2025-11-15,0.0,0,0,0.0,0.0,0.0
2025-11-27,11.915,66,1216,0.1765,0.0,0.0
