community_id,community_name,months_with_posts,missing_months,oldest_post_at,newest_post_at
1409,r/airfryer,1,11,2025-12-19 03:16:27+08,2025-12-24 06:20:33+08
1399,r/aquariums,1,11,2025-12-19 01:36:40+08,2025-12-25 10:42:37+08
1407,r/askelectronics,1,11,2025-12-19 02:44:15+08,2025-12-24 16:17:48+08
1389,r/automation,1,11,2025-12-19 01:43:59+08,2025-12-25 09:14:45+08
1404,r/battlestations,1,11,2025-12-19 01:50:10+08,2025-12-25 09:54:27+08
1401,r/cats,1,11,2025-12-19 01:07:48+08,2025-12-25 20:10:57+08
1386,r/chatgpt,1,11,2025-12-19 01:23:55+08,2025-12-25 01:57:48+08
1400,r/dogs,1,11,2025-12-19 02:15:29+08,2025-12-25 03:04:16+08
1395,r/hvac,1,11,2025-12-19 04:16:19+08,2025-12-24 00:53:44+08
1408,r/justrolledintotheshop,1,11,2025-12-19 02:21:59+08,2025-12-25 11:37:06+08
1394,r/lawncare,1,11,2025-12-19 01:37:04+08,2025-12-25 05:59:35+08
1385,r/localllama,1,11,2025-12-19 01:15:04+08,2025-12-25 09:51:04+08
1390,r/malelivingspace,1,11,2025-12-19 01:09:28+08,2025-12-25 04:11:28+08
1403,r/pets,1,11,2025-12-19 02:35:57+08,2025-12-25 13:30:00+08
1388,r/promptengineering,1,11,2025-12-19 01:09:58+08,2025-12-25 02:35:43+08
1402,r/puppy101,1,11,2025-12-19 02:12:11+08,2025-12-25 14:11:01+08
1411,r/saas,1,11,2025-12-19 01:40:02+08,2025-12-25 19:37:18+08
1387,r/stablediffusion,1,11,2025-12-19 01:09:02+08,2025-12-25 05:00:17+08
1324,r/homeimprovement,7,5,2023-10-21 01:39:17+08,2025-12-20 00:51:31+08
